,vote_average
9069,5.7
2603,6.9
7738,5.7
1579,7.4
5058,6.3
5753,5.6
3548,5.8
409,6.2
4097,5.6
6461,6.3
5601,6.8
5231,7.1
3777,7.1
2726,5.9
477,7.3
1329,4.8
4035,7.6
9642,7.9
1777,7.5
6096,5.2
751,7.5
5792,5.3
4060,5.9
9041,6.3
6030,0.0
5898,7.7
9338,6.7
9160,5.5
9996,7.0
5151,6.4
468,4.2
1545,5.5
6311,0.0
2683,8.3
8966,6.7
6181,6.4
1025,6.2
5112,6.7
8562,7.2
5368,7.2
2354,6.8
7278,6.2
3602,0.0
773,7.0
6773,7.1
8809,6.0
3382,6.6
641,7.5
4233,6.0
3815,6.4
4104,7.2
9925,6.3
1108,7.9
3527,4.9
3495,7.0
1420,5.5
6923,6.6
3881,7.0
8353,6.1
6245,7.7
4938,6.0
6798,6.1
7812,7.1
1680,6.8
6715,6.6
633,7.7
2569,8.0
7359,6.8
2166,7.0
8169,5.8
8845,6.0
2825,4.5
4087,3.5
6243,6.3
8364,8.2
3941,8.3
9179,7.6
8075,6.2
9195,6.3
4128,7.6
1172,6.9
8668,5.8
4222,6.0
4834,7.4
2576,8.3
1989,7.9
6973,4.3
5836,6.5
4532,6.3
3209,6.7
3855,6.4
2628,5.9
7803,6.0
1410,6.9
8257,6.8
7386,7.5
4303,6.4
6750,5.9
6555,6.3
815,6.9
2404,6.6
5397,7.5
9956,5.8
2131,6.7
1797,6.2
3090,0.0
4184,5.8
4564,5.6
5030,4.4
8048,6.8
122,7.7
179,6.3
9250,4.7
8095,7.7
6429,6.5
9737,5.9
4992,0.0
1157,7.8
9003,7.4
1532,7.8
8992,7.0
7859,5.5
9110,6.2
1535,6.3
9259,6.4
5517,7.5
2605,7.5
6127,7.1
9141,7.7
7458,6.8
2177,6.4
7990,8.4
2351,6.3
9177,5.7
3502,7.9
2134,7.2
1480,7.0
2793,6.7
4843,5.8
9780,4.3
9934,7.0
4762,7.0
7191,6.2
6041,5.5
9636,5.9
3445,7.2
8149,6.4
7765,6.1
3620,6.7
1952,7.0
555,6.7
4264,7.5
1163,7.1
1584,6.9
6151,6.8
9720,4.1
5837,8.6
5261,7.5
5239,5.9
7913,4.1
9162,5.9
1598,7.3
7182,4.2
300,7.7
9660,7.7
6947,5.3
3794,6.6
4572,7.5
4335,6.0
2858,7.2
5694,6.7
3142,6.2
1359,6.7
4533,7.3
9749,7.1
5687,8.1
486,7.0
7836,8.1
9554,5.9
5900,6.7
8116,7.5
7362,6.1
1152,6.5
5382,7.1
9741,0.0
5424,7.6
8807,7.5
5186,5.9
8409,8.1
6189,7.7
9702,7.0
8269,6.9
5314,5.2
9903,6.1
665,3.7
3353,7.4
8851,6.2
8061,5.4
642,7.0
9242,0.0
176,4.7
6431,5.5
9910,6.4
3438,7.3
786,6.0
6391,8.7
9065,5.8
9927,7.1
3202,6.7
4803,6.9
7835,6.4
7940,5.8
91,7.9
5762,5.9
9027,6.9
9504,4.3
8237,6.7
1971,5.4
2905,8.4
530,6.2
3635,6.2
996,6.8
5852,7.5
4226,5.8
5616,7.5
2312,6.2
2154,7.4
5317,6.2
1427,7.2
8630,7.0
6032,5.6
4415,6.0
8818,7.2
3085,6.9
7798,7.5
9153,6.4
8209,4.6
9573,6.0
9534,6.1
495,5.2
3749,6.3
2321,0.0
4267,6.5
3405,5.6
151,5.6
7369,4.6
694,6.4
4417,6.5
5697,6.8
1738,5.9
3001,7.0
167,8.3
6111,0.0
4622,7.2
2865,6.4
8544,0.0
4702,6.2
2883,6.0
3031,6.7
8183,7.4
8980,6.9
8528,5.2
5681,7.3
7209,5.7
5991,7.2
2276,6.3
7132,5.9
5705,7.3
7998,0.0
5292,7.6
4304,6.4
7445,7.1
428,7.2
7068,5.1
6364,6.2
4215,6.6
426,6.2
2223,4.8
100,8.1
9244,5.8
3307,6.5
2762,6.6
5857,6.5
4738,6.2
7092,6.3
9632,6.1
3286,0.0
7712,5.9
7868,0.0
6067,5.5
9235,6.7
3577,6.7
1465,6.6
7675,5.4
2234,5.6
1744,6.9
9754,7.1
6094,7.7
8781,6.5
9401,7.2
8371,5.2
5027,7.8
9234,4.9
3944,6.5
6862,7.6
5350,6.2
9422,7.1
2121,6.4
4972,6.9
8576,6.7
3784,6.4
6872,7.7
916,7.1
9394,7.6
7252,7.4
8012,6.6
5821,5.4
4403,8.0
4863,5.9
8515,7.3
5422,6.4
7733,5.6
1203,7.1
3768,5.4
5357,5.7
3852,6.0
1926,6.2
3114,6.2
2641,6.2
7639,5.4
7360,6.3
8182,6.8
7610,6.5
2728,8.0
9597,7.5
4985,7.1
6846,6.2
7698,0.0
4012,8.0
2626,7.0
7238,7.3
8255,3.3
9565,6.3
805,6.6
4634,6.3
5247,7.2
5566,5.5
5739,7.0
5143,6.3
8265,6.0
4459,6.0
1242,6.7
6945,6.2
5740,5.4
5325,6.1
547,6.2
3022,7.3
5761,7.5
4031,6.3
26,6.5
4952,8.0
5152,6.0
2508,6.0
1433,7.0
2582,5.6
1302,4.5
5812,0.0
7349,6.7
5281,6.3
6114,7.2
1221,7.8
7435,7.7
2548,5.5
750,6.3
437,7.2
4371,5.2
4448,7.9
2847,6.1
1173,6.7
7495,5.3
2699,6.4
9888,6.5
9506,5.5
6395,5.5
2481,6.2
5456,6.5
8444,5.9
2706,5.8
4661,7.5
326,5.9
1039,6.8
2637,5.0
5022,6.1
2499,0.0
1004,7.4
2861,7.5
3233,6.4
1870,7.7
4245,5.9
6927,7.0
8385,5.5
534,8.1
9827,6.7
7148,6.2
7365,5.5
585,6.4
9914,4.0
3035,4.7
4428,5.1
4089,6.6
1703,6.9
4295,7.3
5719,6.2
491,6.3
6899,7.9
4353,7.2
2836,7.0
2266,7.9
7718,6.3
9523,4.8
8022,6.7
4707,5.3
9843,7.0
2900,7.2
9618,7.2
2944,6.8
1916,7.7
3185,7.4
8626,7.3
9434,5.3
7255,6.5
4246,7.6
8615,5.7
5146,6.6
8565,5.7
2518,6.4
397,7.6
1317,2.5
4560,6.9
121,8.1
2449,7.9
8855,6.1
8108,4.9
1566,5.9
1984,7.0
4333,5.5
7910,5.0
9286,6.0
3918,7.3
2173,6.7
3283,7.0
8495,6.7
8584,7.0
2333,5.1
573,6.4
3660,5.3
9075,4.3
981,6.4
9370,7.2
1407,5.7
535,7.8
4315,6.5
4598,5.2
8622,6.2
8758,6.5
1434,7.6
6994,4.7
2579,7.9
9403,7.6
3269,6.3
9553,5.2
3838,0.0
1867,4.7
1454,6.6
1786,7.1
9912,7.5
7095,6.4
2521,5.8
4439,5.9
1820,5.5
5615,7.0
2929,8.1
51,7.6
4726,6.5
5716,5.2
5465,6.6
469,6.5
2629,7.3
6513,6.9
7467,6.6
3945,7.0
6204,7.3
4262,6.0
1858,8.3
9532,6.6
865,6.2
6390,6.4
7212,7.4
4921,6.0
8101,6.6
4792,6.6
8854,7.1
6250,5.9
5936,4.8
425,6.9
188,7.4
5629,6.0
4359,6.3
228,6.1
7757,6.3
7677,6.7
2741,7.3
1041,6.1
4075,6.7
9140,5.6
6118,5.8
6902,7.1
471,6.5
2921,6.1
1905,7.0
8876,7.6
801,6.3
1487,5.9
8441,3.0
227,8.0
7890,5.6
1128,7.0
5070,6.9
9166,4.0
2208,6.8
7993,5.2
9842,7.9
6559,6.6
9921,5.4
3153,7.9
4441,7.5
7505,6.3
8957,6.1
6215,6.0
9598,5.4
2144,5.2
7411,6.0
8929,6.0
2374,7.5
2577,6.5
1632,6.1
4832,6.0
2298,6.4
5033,7.3
156,7.7
8046,7.4
6706,5.6
3349,6.2
2879,6.5
3413,6.5
7768,6.5
4189,6.6
9610,6.4
9734,5.8
7251,0.0
7613,6.9
6919,6.9
9681,6.5
9671,5.8
4794,2.0
5654,7.6
2495,8.3
7304,6.8
2372,7.8
4091,5.7
9471,8.1
3461,7.6
7006,6.0
5391,6.3
7172,6.7
5696,5.9
5664,6.6
4503,6.6
2550,7.1
4715,3.9
847,7.9
3344,6.0
938,5.5
4825,5.7
9693,5.7
8863,6.5
8610,6.6
5354,7.2
5477,5.2
9723,6.6
756,7.2
4750,6.9
2644,5.9
4162,6.1
8648,6.4
3165,3.5
6497,7.5
5987,7.4
3873,6.1
7751,6.3
6523,6.3
3418,7.0
9904,7.0
2061,6.6
549,8.1
4453,7.9
2812,6.6
8777,5.9
8995,6.3
2549,5.1
6069,5.2
3169,7.3
7054,5.9
4828,6.0
9570,7.6
1259,5.6
8712,6.7
3661,5.8
7922,4.9
1024,8.5
4965,5.5
752,6.2
3942,6.2
3710,6.6
9960,5.8
1951,6.7
6314,3.2
351,7.0
1511,5.7
4829,7.0
9616,5.2
3746,6.8
5799,7.9
701,5.3
3693,6.7
4614,6.0
7213,0.0
561,6.3
2318,7.6
3098,6.2
4838,5.1
3150,5.8
5608,7.9
4299,7.8
4618,5.5
4074,5.8
3994,6.4
6373,6.8
6167,7.5
1047,6.3
2939,6.9
1808,5.8
3166,7.2
414,6.9
1340,5.9
9371,7.7
7740,4.5
5060,7.3
4633,6.4
4609,5.4
7366,6.3
1469,0.0
1710,5.4
6270,7.0
8732,8.2
2271,6.5
1583,6.2
1412,6.4
4111,8.1
7652,6.1
6693,6.4
1722,6.9
2024,5.2
2212,0.0
1507,5.9
2622,8.4
5290,3.5
9128,6.5
1321,8.5
842,4.2
1146,7.3
3624,6.2
4280,6.1
9010,5.4
8986,5.9
4681,6.2
463,6.4
1754,7.4
3936,6.3
7933,7.0
9460,7.8
4401,8.0
4700,6.1
8991,7.0
378,7.4
3106,7.5
8215,6.3
1335,6.2
1223,7.6
3848,6.7
2716,5.0
6837,4.6
2952,7.9
1350,6.7
1082,8.1
6453,7.4
1811,6.3
4121,6.3
1351,6.0
7817,7.0
8796,6.1
1894,0.0
6639,7.3
565,7.3
3903,6.2
7100,6.5
3673,6.1
4366,7.6
7545,0.0
1212,7.0
1189,7.2
3955,6.1
898,7.8
4786,6.6
8092,6.7
4602,7.1
8896,6.3
3454,5.6
3609,7.3
8157,7.8
8765,6.8
9677,6.7
7572,6.7
3909,6.8
4028,6.9
3931,6.1
2332,6.8
7302,5.8
2262,5.1
9260,5.6
5781,7.9
2595,8.0
7200,5.3
3593,7.6
5216,5.7
1030,7.9
7433,6.1
7877,6.3
8823,6.7
8236,6.0
5733,6.9
5378,6.8
7762,5.4
1755,6.7
7355,4.9
4161,7.3
231,6.3
8104,5.8
110,7.3
5457,6.8
6708,6.6
2514,6.4
5961,6.2
4279,8.1
4720,6.0
2917,7.4
9390,0.0
2992,7.9
2317,7.5
4847,5.9
4292,4.2
6991,6.2
1515,8.1
216,8.5
9213,0.0
9061,0.0
8417,6.5
2263,7.9
5326,7.5
6840,6.3
8498,6.6
6010,6.3
893,8.2
1490,7.5
3003,5.1
1850,8.4
5199,5.5
6380,5.7
324,5.7
1215,6.5
2899,6.5
2933,5.3
3658,7.5
8678,7.9
6673,7.8
7972,7.9
8586,7.1
6169,8.4
9724,4.6
1129,6.7
8856,7.0
2918,7.3
3902,6.8
7947,5.4
9097,6.9
3827,7.9
4923,6.6
208,6.6
3254,5.9
2795,7.9
5106,7.8
9011,6.5
798,6.4
9105,6.6
734,6.9
2244,6.6
178,5.9
5830,6.5
7008,6.7
1174,6.6
6642,4.7
5848,6.6
1831,7.1
7995,5.8
9279,7.8
7897,7.7
8597,7.6
8522,5.8
198,6.8
7928,5.9
7076,5.0
9284,6.3
1097,7.7
548,6.2
6908,6.2
8229,6.5
4706,6.2
6912,6.8
3369,7.4
7583,4.2
2532,5.5
4055,7.0
2314,7.2
6653,7.7
6885,6.7
5937,8.0
2815,7.9
3437,7.2
3880,5.9
4157,5.5
66,7.5
7866,7.0
616,6.7
1118,7.3
3260,6.6
3401,7.4
3692,5.5
937,7.2
6604,5.0
2572,7.5
7536,5.9
6324,8.2
622,5.4
1681,0.0
2126,7.0
787,5.8
3332,7.7
7236,6.2
1092,6.0
9103,5.5
5020,7.8
9353,6.1
5944,6.4
3280,7.2
8186,7.0
2201,6.0
1160,7.6
5581,5.0
3592,5.8
3952,6.4
9691,6.2
6247,6.1
4153,6.3
478,0.0
1352,6.8
4309,5.7
5698,6.7
2647,7.8
8460,6.6
8198,6.5
7689,6.1
9257,7.4
2589,7.4
1033,6.9
4686,0.0
5011,6.4
2598,5.9
5819,5.6
4608,5.7
8470,7.3
9040,5.5
7450,6.2
4671,6.1
5583,6.7
3717,7.6
9327,7.4
3928,7.0
3617,7.4
1425,7.5
9378,6.2
2919,6.0
3819,6.6
1871,7.2
5487,4.6
480,5.8
5972,7.4
9600,7.4
2888,6.6
6686,7.8
6315,5.8
527,7.2
4129,5.9
722,7.0
5120,7.8
4722,6.5
220,6.9
9188,6.3
1935,7.2
344,8.1
8332,5.4
9674,7.1
4483,6.4
9706,6.9
8486,7.2
9216,7.1
6903,7.4
9154,7.0
5960,6.3
7034,5.6
6051,7.1
2391,5.5
7181,7.6
4328,6.8
6452,6.9
1983,7.2
8246,4.6
1554,6.3
4850,7.3
9095,5.3
9922,5.8
7532,5.6
6853,6.8
4641,6.4
2881,8.0
1677,7.9
4885,6.8
1964,5.6
901,5.7
7130,6.4
3068,5.8
2296,5.3
6237,6.6
5862,5.8
296,6.9
8778,5.6
57,7.2
7242,6.2
4385,6.9
2984,6.4
27,7.9
4407,6.8
9877,6.4
2676,6.7
8545,6.2
5262,1.5
5841,7.1
7021,6.1
3248,6.8
5667,5.2
3884,7.3
7663,8.3
295,5.9
3161,6.9
2580,6.1
3870,6.9
9210,7.2
4404,6.5
6952,5.0
648,7.9
1370,6.4
9855,7.0
6992,7.8
5532,7.3
9620,7.6
5708,6.7
4209,5.2
681,7.3
434,8.4
9309,6.9
4824,7.6
9761,7.0
3159,7.0
1489,7.1
2987,7.9
812,6.7
1882,5.1
9267,0.0
4936,6.0
9935,8.2
1940,7.8
3296,7.5
3534,6.2
4525,8.1
3729,7.3
7015,6.7
1612,5.5
1181,6.9
1375,5.6
9224,5.6
3946,6.8
7210,6.0
5211,7.0
63,7.1
626,5.9
4421,6.9
1669,2.0
2112,7.2
5804,5.3
9763,7.2
4032,5.7
6545,7.0
7948,8.1
84,6.6
9180,7.5
1462,6.6
2283,5.8
2887,7.2
5834,4.6
684,6.4
4469,3.5
418,7.4
5228,6.3
4253,8.5
2709,6.5
2357,7.1
8059,5.9
1366,4.0
6277,5.8
3916,7.4
293,6.3
2639,6.6
9458,7.7
1506,5.7
9037,6.4
7393,5.4
1634,5.7
2457,6.3
9891,6.1
5558,7.3
9751,7.2
2300,5.9
4537,7.8
2938,5.1
1563,7.2
5689,6.1
8658,0.0
7517,5.6
1979,8.1
1883,6.8
3803,5.2
438,6.9
4635,4.3
4528,5.5
4332,6.1
3573,6.2
8741,4.9
8911,6.4
4817,6.4
6435,6.5
2986,6.8
7838,6.6
704,7.5
2280,5.9
8734,7.6
4147,7.5
5412,7.0
373,6.2
6405,6.2
9223,0.0
2585,7.1
1332,7.0
9572,7.7
5282,0.0
9131,5.6
8315,3.0
9809,8.0
1784,8.3
3182,7.3
494,6.8
7363,5.4
2860,7.0
7929,6.8
4041,7.3
7178,7.4
2897,7.9
366,7.3
849,6.7
7440,6.4
9454,8.0
4301,7.4
2653,5.8
3503,7.2
1541,6.1
4165,6.6
8866,5.0
322,7.3
2031,6.1
813,7.3
8939,6.2
9375,6.5
1079,5.8
2226,5.2
9136,6.1
9531,6.4
2705,6.8
6824,6.0
7556,5.5
1164,7.9
3261,5.9
4687,5.6
1450,6.7
3862,6.4
6103,7.7
9215,5.7
7120,7.6
6398,6.4
9588,7.6
6214,7.4
9645,6.5
5336,4.6
4056,7.8
9511,5.7
2999,4.0
9024,5.9
1231,5.2
1514,7.1
2313,8.0
1451,6.2
5267,7.3
6131,0.0
8531,8.0
6464,5.8
838,6.9
9915,5.7
8261,6.8
6414,4.7
8504,7.0
3567,6.1
9264,5.6
3087,7.1
8643,6.8
1714,7.6
339,6.5
9563,7.1
5942,6.4
9869,7.4
8102,1.3
8488,7.7
588,6.2
3365,7.9
2670,3.5
3589,7.8
34,7.7
28,7.4
8553,6.9
8117,6.3
2170,5.4
8377,7.0
5620,5.4
889,7.4
6489,4.6
3322,8.7
9396,7.7
3514,7.6
4420,6.2
8351,6.9
5361,5.4
3733,0.0
9463,6.7
7081,4.0
1654,5.6
5032,5.3
223,4.5
8625,6.0
6194,0.0
1590,6.8
5982,5.7
3256,7.6
6680,6.7
4770,8.0
2181,7.9
6803,5.2
4913,6.5
6786,6.2
4789,4.4
1209,7.0
421,7.6
8740,7.5
1706,6.7
1158,5.0
2306,8.1
273,6.6
171,6.0
3956,7.3
6696,7.3
3188,7.5
8132,6.1
4808,6.3
8083,5.9
1564,6.2
1782,6.8
843,7.9
9345,7.5
4461,5.5
904,7.4
5911,6.0
9950,6.9
9297,6.6
1547,5.3
2080,6.3
9881,7.1
3985,6.1
6389,8.3
7579,5.7
9245,7.5
6567,6.8
8206,5.4
3820,7.3
2646,7.4
4454,6.6
7159,7.2
8221,6.7
8596,7.7
9589,6.7
6071,6.5
2155,5.6
6712,6.2
3715,6.6
4057,7.3
5952,7.7
3102,7.3
558,7.8
4610,5.8
6978,6.6
1436,3.5
507,7.5
1869,7.9
755,6.4
5419,8.0
4050,5.8
8089,5.5
3836,6.6
2118,6.1
6152,7.0
7808,6.8
501,7.7
6259,6.3
9743,7.0
1539,6.3
6141,5.4
1211,6.7
9122,6.5
672,6.5
3377,8.0
8783,4.7
1464,7.0
1192,7.1
6984,5.5
1872,5.6
3590,5.4
6726,5.5
505,7.6
8118,5.2
506,7.1
9449,6.3
7131,4.1
4807,6.4
7303,7.3
1773,6.7
6854,4.7
4906,5.4
797,6.3
8785,5.7
7070,7.2
2829,6.6
9319,7.0
8737,5.5
312,6.0
746,7.2
3569,5.6
790,7.2
2476,6.5
9325,6.0
2570,5.7
5286,8.0
5215,7.2
2163,6.5
6577,6.8
8449,7.9
380,5.8
8508,6.1
1292,4.9
1912,5.4
599,6.9
3892,5.9
4141,6.3
1652,6.8
5224,0.0
1893,5.3
1944,6.3
3395,6.7
5479,6.1
9769,5.9
375,6.5
1966,7.1
3957,7.5
7135,5.1
7478,0.0
4505,7.1
9580,5.4
5288,8.1
1471,7.2
3346,6.1
6253,6.6
2853,5.8
8988,5.1
9775,7.2
6459,5.7
4062,7.8
5863,7.3
4306,6.6
4877,6.6
7249,6.1
5273,7.5
3990,7.7
1049,6.5
6175,7.1
6926,6.5
7864,5.6
2035,6.8
4039,8.1
6875,6.9
9354,5.1
1972,8.4
5072,7.0
2099,6.7
1499,7.3
9612,5.7
652,7.2
170,8.0
4085,7.4
242,6.5
5710,6.0
6972,5.4
2756,6.4
6884,7.5
5446,6.2
2076,8.2
4103,6.5
9559,0.0
7571,7.1
9466,5.4
4894,4.8
6692,7.0
8054,8.0
5389,6.9
9373,5.7
8021,6.6
8604,6.4
4480,6.2
8326,5.7
4078,7.5
640,6.6
1270,6.5
2778,7.1
9497,6.0
3861,5.8
3480,7.7
1534,5.8
325,6.0
2338,5.0
3980,5.9
6877,7.1
4054,6.6
2237,6.6
7106,6.0
9668,7.2
4745,6.3
864,7.7
6203,5.1
5508,5.3
7429,6.6
371,6.1
6296,0.0
5551,6.9
5723,5.4
5899,6.4
9287,6.4
7871,6.7
2364,6.1
3213,7.2
911,8.1
9047,6.6
9790,6.9
7289,6.4
9958,5.5
6536,6.4
9192,5.3
1423,7.2
9807,6.8
479,6.6
662,7.4
4476,6.6
8982,7.5
8077,6.8
2988,0.0
1119,4.2
2776,6.7
9835,8.0
5003,6.3
6649,6.4
7254,6.1
4427,7.6
7431,4.8
3981,5.7
6351,6.3
2893,6.6
2669,7.2
3977,6.2
5259,6.0
279,8.3
6730,6.8
6104,7.8
7020,5.5
1694,6.6
8912,6.8
3479,5.5
4416,7.6
7592,6.1
6282,5.1
5603,6.4
8619,6.1
7780,5.5
4296,5.8
4593,6.3
4844,6.0
2209,6.1
7605,5.8
5501,5.4
184,5.7
4800,4.4
4845,5.3
2350,8.1
553,7.4
1397,8.1
1384,5.5
9182,4.0
9817,7.3
297,5.9
443,5.9
7338,6.7
2077,7.0
7815,5.8
2229,7.5
2842,5.7
2537,6.2
8145,6.0
9536,8.2
6443,5.7
3367,6.5
4486,6.6
2578,6.3
1131,7.9
4818,7.3
320,4.0
1371,7.0
4042,6.8
9125,6.5
5145,6.7
907,7.4
9426,6.5
3950,6.9
6145,7.3
8886,5.9
6695,6.7
4977,5.3
6092,6.3
8408,6.8
926,7.5
6143,6.0
15,5.5
143,7.9
2363,4.6
129,7.9
1161,6.1
7551,6.3
6129,7.2
4665,5.0
5660,5.9
6460,5.9
1876,6.2
2488,5.5
5327,6.2
9361,7.2
1182,6.5
6135,5.7
6377,6.7
1170,6.0
2182,7.0
3371,6.5
8040,6.2
1859,6.0
4860,5.8
9255,6.4
8345,3.6
7347,8.0
4864,7.9
9886,7.3
6388,5.9
3121,5.9
387,5.4
7785,7.0
1032,7.2
7852,6.5
5418,6.5
931,7.0
4019,6.1
691,7.3
5298,6.5
6658,6.9
829,6.3
3498,6.8
2081,6.4
9440,7.4
44,6.6
3939,6.9
5257,7.2
8437,5.6
4319,5.4
2965,6.7
3969,8.1
1187,7.2
284,5.9
8873,6.6
4159,7.4
3092,5.2
4556,7.3
4584,6.6
4323,7.7
5504,0.0
7074,7.2
3364,7.5
8025,5.4
3195,5.9
8810,7.5
969,5.6
3734,6.7
925,5.7
9496,5.4
6451,6.4
8797,6.5
2851,6.4
5180,5.9
6723,4.6
9322,7.0
7810,6.3
4471,4.5
5168,6.1
4348,6.7
7903,7.2
3626,6.8
1789,7.7
8293,6.7
2059,7.0
4013,7.4
1902,6.3
5573,7.2
6925,7.0
75,6.0
2345,7.1
5484,6.3
430,6.1
4586,5.8
8099,6.6
8457,0.0
8156,7.6
7893,7.7
1553,6.1
240,6.6
783,0.0
3066,6.6
977,8.3
2941,5.7
5377,7.0
4730,5.8
1620,8.0
2146,6.7
1801,4.5
2095,7.3
6074,7.8
5245,7.6
1357,6.5
8063,5.0
6050,5.3
8368,6.2
6017,7.3
9931,5.6
8769,5.9
7503,6.8
1609,5.1
3096,6.3
9771,4.1
2415,6.8
2017,8.1
6018,6.8
4125,6.2
9802,6.9
3246,6.3
124,6.8
6425,5.2
5308,6.4
7463,5.7
9157,6.0
3341,7.4
598,6.7
2123,5.3
9498,6.0
7685,4.6
7049,7.3
9661,5.3
2197,7.9
4051,6.5
6054,5.3
3362,5.6
6851,7.3
725,6.9
4934,7.8
978,7.1
808,5.7
9603,6.3
1475,7.5
5935,5.3
9036,4.9
7335,6.2
3962,7.1
6422,4.4
4905,7.9
1235,5.5
1225,6.1
8049,9.0
9278,6.5
8671,6.7
5229,5.7
6950,4.1
3217,6.9
287,6.1
5023,6.7
2966,6.7
3164,7.1
6003,6.2
8887,6.9
1657,7.0
1975,7.2
2397,7.1
452,4.4
8030,0.0
4696,6.9
3681,7.1
422,7.3
9725,6.9
657,8.1
3301,6.3
6394,7.5
2845,8.5
8291,6.7
7497,0.0
1001,6.1
4198,5.7
2418,6.6
7482,6.1
5706,6.5
3847,6.1
961,6.5
1580,7.8
5007,6.8
2206,5.8
6312,0.0
9562,5.9
4231,7.0
757,7.9
2284,6.5
6663,5.5
4755,6.8
8211,5.3
807,7.7
6575,6.8
7719,5.1
1956,6.8
2445,6.6
5875,7.5
8163,6.8
6138,6.6
2402,8.2
1073,6.8
6557,6.8
4240,5.8
8509,7.9
2091,5.8
4527,6.2
7202,6.9
6795,0.0
7237,8.3
7422,4.5
6849,6.9
6836,5.6
1003,7.9
9099,7.3
6562,7.2
5614,7.0
4651,7.6
5313,6.3
1485,8.0
7607,6.2
1411,7.2
9303,7.9
709,7.8
9806,7.0
8042,5.9
7211,7.6
3076,6.9
8314,6.0
4101,6.9
5114,5.3
2722,7.1
9359,6.2
1268,5.0
2462,7.6
5464,5.4
268,5.7
3580,7.1
5349,5.5
7290,0.0
5157,6.9
6601,4.4
2821,6.1
5807,7.2
589,0.0
5955,6.0
5254,6.2
6661,7.0
7656,0.0
8725,7.0
6896,6.4
7594,6.6
2028,7.5
6818,8.1
677,6.1
5763,6.3
1232,6.3
5296,6.7
7103,7.1
5034,7.5
5452,6.8
2432,6.0
6319,7.1
6119,7.1
9158,7.6
9953,8.0
896,6.6
1611,6.9
6474,7.0
7661,5.4
7460,6.7
3806,4.0
8273,7.2
9451,7.4
4701,5.9
3961,5.5
5417,6.1
890,6.9
4999,6.3
7506,6.1
7881,5.6
5095,7.1
6932,5.7
9617,4.2
2799,6.9
584,6.6
3268,7.7
3932,6.1
1260,7.7
6205,4.4
310,7.0
7789,5.8
6458,6.7
6206,6.1
5882,0.0
4668,6.4
4298,7.3
3783,5.8
1008,5.3
8354,5.9
2185,8.4
3623,7.2
7039,6.9
4922,5.8
9673,5.2
7950,6.1
6125,6.7
4756,5.8
5074,6.2
90,7.4
5974,6.0
6418,6.3
8640,6.1
8690,6.9
2117,7.2
2937,6.9
6842,5.7
983,5.5
7260,6.0
9985,7.1
2925,7.6
6061,7.4
3214,7.3
6447,4.5
6779,5.5
7038,6.4
5663,6.6
627,6.6
8008,6.6
5125,6.3
4765,6.5
8143,7.0
9594,5.3
1269,6.1
128,6.6
6112,6.6
1711,7.5
7862,6.5
4235,8.0
5192,7.2
2398,7.1
5434,8.2
6057,5.9
9318,6.8
1186,4.6
6013,5.3
9793,6.3
6014,6.1
1977,6.9
9887,5.4
4247,7.4
7672,5.2
915,6.1
1305,6.5
5455,5.0
3049,7.4
9521,7.2
1273,5.5
8055,3.1
2796,5.6
1398,5.2
3358,7.7
183,8.1
6867,6.4
5695,6.8
8835,6.6
9626,6.7
6170,5.9
6987,5.8
4567,5.6
8955,6.8
2656,6.1
8309,7.4
6857,5.5
1961,7.1
6383,7.0
8853,7.1
9973,5.3
1251,6.2
3176,4.3
7760,6.1
5013,6.3
9705,6.1
6539,5.7
3289,7.2
6448,5.1
8726,5.7
7611,4.6
6275,8.5
6887,6.3
1051,7.6
4069,6.6
6022,5.9
5552,6.7
272,6.6
2042,7.8
4763,6.9
8997,5.2
5204,7.0
9509,4.7
1086,6.5
8373,6.3
7732,6.6
7515,6.4
6678,7.4
4322,7.1
6946,6.8
7747,7.1
6772,6.7
5518,8.0
5117,6.8
6179,7.1
4709,7.2
8121,6.3
5969,6.6
6784,6.4
3478,6.5
8414,5.0
3924,6.6
1748,0.0
732,7.4
2553,6.2
5458,6.9
5873,5.8
2662,6.6
9398,6.6
6455,7.8
3113,5.2
3303,7.3
1344,6.3
1690,5.5
7180,6.1
6499,5.9
3308,6.3
1504,6.8
1806,7.4
8469,6.1
5369,4.1
3791,7.7
9520,5.6
7329,7.0
5909,4.3
6825,7.4
7263,6.1
1848,5.8
4512,6.4
2431,6.5
4660,6.1
8885,5.3
5584,4.1
142,8.2
8760,7.5
9211,7.0
5264,6.2
3409,5.4
1117,7.2
1756,6.7
497,6.4
8031,6.5
870,5.3
3357,6.5
912,5.9
721,8.0
2805,6.5
9943,6.5
886,6.7
9592,5.1
6587,5.9
8100,6.9
1520,8.3
8689,5.3
2746,5.2
6700,6.6
5775,7.2
314,6.1
1799,6.4
327,6.7
5642,7.2
4204,6.6
3129,5.6
6860,5.3
9905,5.4
3968,6.2
5743,6.8
6226,5.5
1973,7.3
336,5.5
2764,6.6
7660,7.2
275,6.8
2985,7.0
5646,7.0
5849,4.6
3477,6.8
7558,7.6
3558,6.9
2809,5.8
9113,5.7
4861,5.8
6586,6.0
3416,5.6
307,7.9
3908,8.1
348,6.1
826,7.4
9501,8.1
4482,6.9
6576,5.1
3682,5.6
5876,6.8
8387,0.0
2053,6.8
71,6.3
5507,7.1
8514,5.8
7510,7.9
8151,6.7
1666,8.1
7861,7.3
9159,5.3
5688,6.6
1445,8.2
5227,6.5
6982,8.0
1695,7.4
2892,7.5
1574,7.0
3203,6.8
4405,6.5
1630,6.2
8380,8.6
1881,5.6
8821,6.5
6463,6.9
848,6.2
9923,6.0
6188,7.0
5869,5.8
2877,7.0
186,7.2
3779,8.2
1830,6.9
8325,6.0
9241,5.4
6378,7.6
1234,6.6
6964,2.0
3915,6.8
446,7.7
844,5.5
8062,7.3
5402,6.9
2440,7.6
3103,5.6
8585,6.6
6791,7.2
5650,4.6
1294,6.5
5079,4.2
9016,6.3
5067,0.0
3442,7.2
8451,5.4
7273,6.7
6105,6.0
776,7.2
9716,6.1
2153,7.0
4920,6.9
5360,7.3
9735,5.5
5957,6.7
8411,7.0
8432,6.5
3183,5.9
6792,7.2
3199,6.0
9369,7.9
1289,5.9
4581,6.5
6192,6.8
8935,6.8
7149,6.0
9846,7.8
4106,6.0
4126,5.5
8300,7.5
3966,6.6
1879,0.0
8496,6.5
9299,6.3
6348,4.3
3587,7.4
7372,7.4
3865,6.0
8487,5.8
4131,6.4
1036,6.9
636,5.8
6153,0.0
4134,7.5
5338,5.6
1083,6.9
861,0.0
903,4.9
191,5.7
109,7.6
4455,7.0
1942,5.5
5856,6.3
4331,6.6
8541,4.5
2040,7.3
7331,5.3
7317,5.5
7779,6.1
4659,5.3
7313,5.1
2775,5.8
4145,6.7
2323,7.1
762,7.0
2617,6.0
2411,7.1
1094,6.7
6173,7.4
7048,6.6
9272,7.3
3135,6.5
7787,6.2
5040,6.9
3805,7.6
884,4.4
2654,7.3
5921,5.8
6187,6.8
8085,7.3
6742,5.1
7626,6.7
5680,5.8
7007,7.1
9686,8.2
2202,7.6
6107,5.9
6417,7.2
1262,8.0
8379,5.3
975,7.1
5831,6.4
4925,7.1
941,7.1
4723,6.4
2387,5.6
9728,7.0
5021,5.9
4391,7.3
5148,6.9
3221,7.2
3882,7.0
9438,5.9
6624,6.3
5918,7.2
2789,7.5
944,6.9
8908,6.2
1857,6.6
9080,5.0
4108,7.1
8513,6.0
3255,6.0
2690,5.3
9512,6.4
6961,7.1
1319,5.9
8882,6.3
9880,4.2
5162,6.3
5829,6.3
7953,7.2
5958,6.9
9271,5.7
3475,6.0
3505,7.1
4749,6.1
2477,6.5
9490,6.1
6615,7.6
7413,6.0
7586,6.7
5344,7.4
9863,6.3
7111,6.0
1874,6.5
8516,7.2
5270,7.3
5096,5.3
2904,6.5
570,6.7
1448,6.8
5964,4.9
6242,7.2
6347,9.3
7874,7.2
9816,6.4
3226,6.8
9744,7.7
3978,5.4
4383,5.3
7856,6.7
3539,6.6
5682,3.5
2827,7.9
7658,6.7
4996,6.3
1338,5.9
3262,7.3
6386,5.8
7951,6.0
650,7.0
2902,7.3
2258,5.8
7402,5.4
3521,6.1
2730,7.4
5496,5.2
4478,4.9
1596,6.2
7066,6.6
2584,7.7
5441,7.4
3196,4.0
8523,7.3
7682,7.5
5376,6.4
1258,6.4
5277,6.3
991,5.5
3504,6.7
113,6.6
919,5.1
2509,2.0
9404,6.7
165,6.2
5263,6.5
4603,6.8
949,8.4
4594,5.5
5727,5.5
3770,6.7
2506,7.4
5107,6.9
2850,5.6
6485,6.0
5362,6.1
7442,4.1
4446,8.1
4460,5.5
9513,4.7
2505,8.2
1114,7.1
8397,5.6
298,7.0
1675,6.4
3347,7.5
2735,7.1
7819,5.4
4988,6.6
9894,6.6
5817,6.1
4325,6.7
6719,6.9
8786,6.4
4550,5.6
8572,5.5
7847,7.1
2103,6.5
5813,5.0
9104,6.9
7453,6.3
1837,6.6
7902,7.0
8318,6.4
8723,6.7
607,7.0
8374,6.6
1093,6.3
6387,6.4
6505,0.0
8964,7.8
4487,7.3
160,7.8
203,6.2
7040,5.7
5893,7.8
4933,6.0
2934,6.3
7322,6.1
2435,6.0
1230,7.7
8675,7.3
3046,5.9
9654,6.6
8419,5.9
7666,7.2
6407,6.7
4251,7.2
5577,4.7
3293,7.4
4034,5.8
8112,6.5
4290,5.8
4334,7.5
5931,6.8
3877,6.7
5428,7.1
4753,5.8
4886,6.5
857,6.1
8233,7.9
8375,7.0
2561,7.3
3801,6.0
2640,6.2
9663,6.4
4490,7.4
2347,7.4
649,6.9
2781,4.0
5652,5.6
8543,8.4
8677,6.5
6433,7.0
615,6.4
8448,5.5
2575,7.1
53,8.1
3340,6.3
7037,6.0
1705,4.5
9060,7.1
9352,6.0
1493,6.0
9963,5.8
5632,6.5
803,6.7
4953,6.4
6933,6.6
7104,6.7
990,7.7
2774,6.7
7470,4.9
6419,0.0
3513,5.6
5478,7.8
8400,6.3
219,8.6
6969,5.6
1288,6.1
3163,7.2
4678,6.7
2618,7.2
3612,5.7
43,6.8
8094,5.9
8372,7.2
3792,5.8
3571,5.0
9980,5.9
1503,4.3
5556,5.7
9830,7.4
3439,7.5
1892,5.4
9323,7.5
5255,6.2
1955,7.1
5167,6.3
4814,4.5
6264,6.3
1505,6.4
670,7.2
8907,3.8
7055,5.4
897,6.5
6178,6.3
2666,5.5
3193,7.6
2890,7.3
7773,6.1
2621,7.0
6008,5.1
5956,5.0
2,8.0
2370,7.3
7914,7.9
1769,5.9
8506,4.0
6025,6.2
531,6.0
8724,7.1
8649,7.4
7873,8.3
8890,0.0
3120,7.7
9022,6.1
731,5.9
3406,6.5
2339,7.4
5967,7.2
6580,6.6
2565,7.1
7726,7.6
7820,6.6
6713,7.3
6995,7.9
6942,6.5
7794,5.9
8975,5.1
1255,7.2
2104,8.0
6734,6.0
9778,6.0
6224,6.0
9150,7.8
4994,6.5
8969,6.8
6839,6.6
5057,7.3
5846,7.2
4434,6.8
3484,6.4
9493,5.9
5318,7.0
3816,6.8
5729,6.9
8903,7.5
7840,6.6
9889,5.9
1621,5.4
9423,6.4
6307,5.6
9304,7.2
8902,6.4
1096,6.5
8057,6.2
9481,5.5
2463,7.2
8289,7.3
1788,6.0
250,5.6
9926,6.2
6191,6.8
9650,7.2
192,7.7
820,7.2
9627,5.9
5714,6.4
7195,6.3
5715,6.8
4400,8.4
9290,4.9
5388,6.9
4166,6.3
4951,5.7
2687,5.2
4390,7.0
5860,6.6
5981,6.2
4927,5.1
6735,5.4
2607,7.1
7466,6.6
238,7.1
4015,6.4
9262,6.1
2977,6.7
5712,6.2
9856,0.0
5473,5.9
945,4.8
8251,6.1
7681,7.0
5097,6.0
6805,6.8
5803,7.8
3552,5.8
9969,7.5
3360,7.0
8249,5.2
2410,5.7
4507,7.4
8462,6.8
3982,7.5
146,6.4
6648,5.2
2294,6.4
2253,6.3
3611,5.9
5353,7.4
1736,4.8
7915,7.1
7659,6.4
114,0.0
8860,7.3
5649,6.3
9844,6.0
498,7.0
7822,5.3
720,6.3
7258,6.5
8843,6.5
5730,6.0
3089,7.5
7226,5.8
7306,7.9
6508,6.7
596,6.4
9092,5.5
6095,6.2
6053,0.0
5164,7.5
1647,7.2
8167,7.1
6920,2.0
2700,6.1
8203,4.6
1700,5.2
8943,6.6
5404,8.0
7219,7.5
7502,6.8
2942,7.0
6301,7.7
86,6.1
2308,6.7
2677,3.0
8216,5.9
7729,6.2
2594,7.1
5884,6.3
1029,7.6
136,6.1
6831,8.0
7814,6.3
2854,6.0
4409,6.8
1200,7.5
4717,6.0
9517,5.2
6594,6.0
566,5.7
7328,6.8
5430,6.5
3927,5.9
6055,5.9
7589,5.4
7122,5.8
6572,6.1
6535,6.1
8913,7.7
8275,6.2
2330,6.4
3515,4.4
2187,7.2
195,8.3
7257,6.1
5666,6.3
5059,6.9
802,7.8
8848,5.7
9928,7.8
2068,6.9
9082,7.7
8744,6.3
644,6.2
9374,6.7
5103,7.4
5460,4.5
1637,7.2
120,6.6
2981,6.3
5069,7.3
3074,6.4
8927,5.4
3278,7.4
2135,5.6
8941,8.0
4970,7.7
6195,6.3
134,6.8
7731,6.3
5324,7.3
9640,6.8
6160,6.4
2559,6.2
62,7.4
1358,6.4
6725,6.3
2467,5.4
679,6.2
6797,5.3
741,7.1
5307,7.8
7627,8.5
3641,6.9
444,6.6
8140,7.1
3258,5.9
4663,7.8
1873,8.1
6366,7.6
2596,0.0
1717,8.0
2912,6.6
2843,7.6
4027,6.8
5488,5.6
8634,7.5
8037,4.5
9232,7.2
489,7.9
493,6.3
690,4.9
3821,7.6
602,8.2
1911,6.1
1014,7.2
6156,6.8
1993,8.0
5769,6.9
3757,8.4
2366,6.7
5283,6.9
4370,6.3
6883,5.9
7011,4.4
1361,7.9
8461,6.4
1526,6.2
1327,8.2
8507,5.0
9031,6.4
1551,8.0
7769,6.6
9908,6.2
1337,6.9
3901,6.4
3010,7.4
5041,7.0
8825,6.7
2250,6.8
6533,5.9
5039,6.0
2346,5.6
9282,5.8
5485,7.4
2784,3.3
5119,7.7
7550,6.7
5555,6.2
5599,6.9
7630,7.0
150,7.4
2804,5.2
5874,7.1
2086,6.9
3751,6.8
5612,5.4
2259,5.9
4017,5.9
6113,7.7
6058,7.2
2424,6.1
8034,6.2
3856,0.0
859,5.0
8170,7.2
7591,6.6
8097,7.3
7320,5.0
8563,6.6
4739,6.7
8594,5.8
4462,6.4
5528,6.1
1364,6.7
1779,6.1
9221,5.9
4785,6.3
6334,4.6
1818,7.8
7799,7.7
4937,6.4
2704,6.0
5285,6.4
175,6.4
7481,6.8
2093,7.1
8750,6.4
3491,5.3
1920,7.6
82,7.4
816,6.7
8601,7.1
7354,7.4
4396,6.7
9181,6.2
5568,7.0
283,6.9
4120,6.5
7480,7.4
609,6.3
2915,7.4
1813,7.4
1271,6.7
5924,5.7
9595,5.5
2994,6.2
7109,5.7
8613,0.0
7356,6.2
2642,5.9
6553,6.4
4508,6.5
2305,6.4
6502,6.6
6260,0.0
4195,6.1
5562,6.1
4840,4.9
4655,5.3
8147,5.3
4168,3.5
3849,7.1
9847,5.5
8401,7.6
5253,6.7
7884,7.1
5533,6.7
2414,6.9
3554,7.6
4691,0.0
4498,6.3
2195,7.0
5045,6.3
2600,7.2
1518,6.7
4764,8.5
4314,7.1
3366,6.4
6065,6.4
6582,6.0
2633,5.8
7337,7.5
5633,5.6
9168,7.6
8789,6.3
2434,6.7
8277,6.0
6758,6.9
6611,6.5
4520,6.3
5587,6.4
3545,5.8
5965,5.5
5992,6.8
8805,4.7
5531,6.7
5444,7.0
517,7.0
6110,6.6
6864,6.0
7960,6.2
1415,7.1
4664,5.6
4456,5.2
2761,6.8
4855,5.7
127,6.6
3474,6.2
7969,4.8
4310,6.0
2438,7.0
3765,5.1
6876,5.1
5896,5.5
5840,6.1
8842,7.7
9770,7.4
1473,7.1
4821,0.0
6915,6.8
3560,7.0
3951,7.5
49,7.3
5437,6.5
9897,5.3
887,7.7
2616,7.4
516,7.4
3168,6.3
2949,7.7
1424,6.4
139,7.1
1924,8.3
2378,6.0
3197,8.0
5131,6.8
112,8.3
4559,6.8
4595,6.6
7997,6.3
3250,7.5
4690,4.9
8115,0.0
7767,6.9
4546,6.7
7084,3.5
3277,6.7
7542,6.5
6593,7.2
4068,7.0
4408,8.4
8644,5.9
8588,7.4
7384,8.1
3222,6.2
8210,6.6
451,7.5
3731,6.2
8953,7.3
4986,6.9
3663,5.3
2763,6.2
658,7.5
7678,6.7
7676,5.3
4620,6.2
999,6.0
389,4.8
3407,3.8
1476,7.0
2240,6.1
2386,7.7
9139,7.4
992,6.4
4997,6.7
3922,6.7
2972,7.4
3386,6.1
7885,5.9
8812,7.7
4769,7.2
1293,6.4
1824,8.5
2873,6.7
4173,5.3
2535,0.0
9132,5.4
1907,7.4
42,7.8
9491,6.3
368,7.4
1151,6.6
7752,5.4
6358,7.8
5912,7.0
6507,7.1
7525,5.8
4160,6.6
4287,6.2
7775,6.2
6714,5.7
174,5.2
1903,6.9
1099,7.6
8114,6.8
3408,6.3
1538,7.0
2292,7.9
9300,6.7
1363,6.7
7188,6.1
6627,7.5
5260,7.0
6815,6.2
9461,6.8
680,7.0
9315,6.6
9298,3.1
3664,6.8
1661,6.3
508,7.2
166,5.8
5497,7.0
8299,2.5
1006,7.6
9739,6.0
1914,5.5
3494,6.2
9633,6.2
9750,7.4
6444,7.8
4990,7.4
2536,6.1
1104,7.4
3875,7.4
7523,6.2
1752,6.5
5310,5.2
7296,6.9
2916,4.6
8974,6.1
5754,6.2
152,8.1
7690,7.4
5679,0.0
3907,5.4
9135,7.4
2552,7.3
2773,4.3
6098,4.5
3551,5.8
3722,5.7
9870,6.6
520,7.0
8033,6.4
4538,5.8
6778,6.0
1822,7.4
4086,6.9
6148,5.9
8742,7.2
9472,6.0
7741,4.6
309,6.8
7720,0.0
8222,4.3
8656,6.2
3599,6.4
3622,6.4
3811,7.3
3450,7.8
4591,6.7
205,3.2
9840,6.5
1135,6.5
9384,0.0
2749,7.5
3613,5.2
305,6.4
1849,8.2
7669,4.9
1988,4.4
3240,7.4
2798,7.0
4515,6.9
5630,6.2
9372,7.1
3109,6.4
4939,4.7
4059,6.8
1987,5.4
7157,7.4
8874,4.7
6613,2.0
383,7.0
5634,7.1
4307,5.2
3388,6.1
3156,4.3
9995,7.5
2727,6.5
6333,5.9
9899,5.6
8751,7.0
8302,8.0
6037,6.9
3832,5.7
8917,6.6
4776,6.4
4276,6.2
253,5.7
7895,6.2
9590,5.5
7288,5.0
278,6.5
3252,7.9
2480,7.5
289,7.5
6086,0.0
3075,6.1
8123,6.6
7598,6.9
6403,6.5
5089,7.3
7283,6.3
9717,6.6
8402,6.2
6121,7.2
7754,8.0
270,5.4
6009,5.0
4570,6.3
9116,6.3
9803,7.1
2971,7.4
6193,5.9
8768,5.6
4207,6.3
3218,7.6
1391,7.2
3975,7.7
4316,4.6
7959,5.5
7344,6.1
7448,6.3
83,6.0
873,0.0
9605,7.4
7635,7.0
4557,7.0
4500,7.5
4647,6.7
2038,5.8
9694,6.4
6909,5.3
2450,6.8
3954,5.4
2329,7.1
9124,6.5
7044,7.6
5042,6.8
9364,6.8
4746,6.4
9367,6.6
9402,5.8
6491,5.5
6637,6.9
7225,6.5
2401,7.1
5520,7.4
1216,7.6
8695,8.1
6020,4.4
6865,6.6
1064,8.4
3786,6.1
4410,6.6
6859,0.0
6760,7.4
5523,6.9
5996,7.4
8833,5.0
5888,7.3
2161,6.3
3008,7.2
1105,6.6
6654,4.4
692,5.2
9957,6.9
4956,6.8
6597,6.4
8480,6.2
4369,5.2
2765,7.9
3929,6.5
7134,6.0
8735,7.1
7530,5.6
7528,4.4
628,6.5
2451,6.8
6239,7.1
7012,0.0
3824,6.6
8977,0.0
2652,7.9
9107,6.3
3743,6.1
2176,5.7
9906,7.9
9263,6.3
3318,6.9
6343,6.0
2787,7.4
4105,7.2
6355,7.8
1676,6.3
3947,7.0
4444,6.3
2936,5.5
9005,4.9
7766,5.6
5722,6.9
7441,6.6
2503,6.6
8482,5.2
2369,7.5
4967,6.0
5883,7.5
2217,6.5
5847,7.4
2218,6.0
3326,7.0
6733,6.3
3583,5.9
9824,0.0
3619,6.2
7707,7.3
6432,7.4
3115,5.5
85,6.6
5973,8.0
2801,6.3
3671,6.5
3667,6.8
9794,8.1
5158,6.7
5725,5.4
4590,6.7
2019,5.0
7831,7.0
2525,8.0
8286,6.4
9206,6.9
3212,8.4
519,7.3
5366,6.5
6762,6.9
2895,7.0
244,0.0
5930,6.3
4714,7.8
9567,8.1
3425,6.5
6931,6.5
6720,7.5
7410,6.7
6177,7.5
7250,7.3
5509,6.4
2001,5.2
885,6.3
869,6.6
9688,8.6
5720,7.0
356,6.2
9907,5.4
5451,5.2
8193,5.9
6438,7.0
7704,6.1
1275,6.7
1890,6.8
8686,6.7
6568,6.6
9623,6.8
3563,7.1
5787,6.4
4958,6.2
1546,6.8
2380,5.5
3823,5.6
3232,7.9
8399,5.9
3306,7.2
492,6.6
3499,7.7
6664,6.4
1116,6.6
5637,6.7
8774,6.3
6146,7.5
9867,7.5
8775,5.4
6707,7.7
9948,7.8
7965,7.7
3645,6.6
2500,7.4
5677,6.2
5241,5.8
6518,7.5
2783,6.6
6158,7.2
3809,6.2
9428,5.5
9524,5.6
8599,6.4
1696,6.8
5685,7.8
8367,7.1
5939,5.0
2052,6.6
1776,6.8
6560,6.9
3313,7.1
4781,6.0
8538,6.1
6781,6.6
1592,6.4
1723,6.5
215,5.1
6326,6.2
8256,5.4
490,6.3
9133,7.2
3483,5.2
5102,6.6
5187,6.9
3431,4.7
9198,7.1
7710,0.0
5513,6.1
25,7.7
3512,6.0
2409,7.2
3270,4.8
5209,4.7
8711,6.3
1552,5.8
9197,0.0
8621,0.0
3871,7.6
3402,7.1
4529,7.2
979,4.9
2655,5.8
1847,6.5
7964,7.2
8240,5.7
7145,6.2
7299,6.8
5721,5.7
515,6.3
8745,6.0
8297,7.1
1102,6.2
3276,2.0
7217,6.0
7389,6.7
9077,6.1
8337,5.0
3996,5.8
194,7.3
4711,6.3
643,8.3
9089,6.6
3285,9.0
3116,7.4
6476,5.1
3575,6.5
9023,6.2
4320,6.2
9992,7.1
2207,6.6
4552,6.5
7316,4.5
3718,7.1
972,7.2
4579,7.4
719,6.2
9017,6.2
6155,5.9
9430,7.6
3896,8.3
2803,6.9
2566,5.9
4025,6.7
6198,6.8
32,7.7
8307,6.2
8831,6.7
9818,7.4
4063,5.3
8948,6.6
5540,7.4
1697,7.4
2792,7.9
2222,7.1
5818,6.4
9662,7.5
3764,6.5
3866,6.2
6421,6.5
9399,6.1
8938,6.5
6671,7.0
7978,4.3
3758,7.0
9774,6.0
3227,6.2
7802,6.3
3923,5.4
3904,7.1
2277,6.4
6810,6.0
1401,7.7
739,6.7
4266,6.9
9861,0.0
7352,4.7
7518,7.5
3851,5.6
8631,0.0
2661,8.0
6504,6.2
9799,7.0
674,6.6
7105,7.6
6360,6.4
3841,7.6
1815,7.8
9489,7.3
9838,5.7
9201,4.4
4653,8.1
8692,6.0
2100,6.9
7711,6.2
1673,5.9
2101,7.4
4213,5.6
6958,5.8
1548,6.0
9550,6.6
3323,6.8
9583,0.0
355,7.1
5184,7.1
1461,8.0
7624,6.6
9385,6.8
3220,0.0
939,7.1
5147,7.0
5923,7.5
7883,7.3
1751,6.3
9468,6.7
7597,6.5
1772,0.0
1196,6.5
1878,5.8
2668,8.0
3171,6.5
2016,6.6
2005,6.2
8272,6.8
3893,6.0
9991,6.2
3237,7.6
4424,6.9
4744,7.1
2078,6.1
5219,5.8
396,5.8
2788,6.3
8877,7.0
8638,6.6
4072,7.3
5574,5.2
8369,8.2
9507,6.2
5355,5.4
7233,7.4
9483,0.0
6820,8.3
1519,7.5
8196,6.1
1378,6.0
5672,7.5
1023,8.7
2587,5.4
7042,7.2
5621,7.5
7637,7.0
5008,6.3
2857,6.2
8254,6.3
5771,7.2
5842,7.0
8027,6.9
5832,7.3
1629,5.7
4888,7.5
4526,7.6
3523,7.2
5904,7.8
7781,6.3
3607,4.3
9418,5.2
5220,6.3
234,8.6
7755,4.7
3796,6.9
4118,7.7
6318,7.2
5001,7.0
3800,7.3
7809,7.4
3899,6.7
5024,5.5
1948,6.4
6361,7.3
470,6.5
9944,5.3
3492,6.1
6091,4.0
2671,7.5
9800,4.5
2224,6.4
1106,5.5
2188,5.2
818,7.3
5571,5.2
4523,5.8
5793,5.9
9381,8.0
8780,6.8
7459,6.8
2624,5.9
7094,5.4
9392,6.8
9916,6.4
9119,7.2
888,6.5
2437,7.0
6056,6.9
7064,5.5
817,7.5
8934,7.2
3414,5.4
6352,7.0
2341,5.9
9029,5.4
3167,8.0
1809,6.3
8035,5.8
1264,8.2
5086,7.5
9675,6.1
5835,9.0
5194,8.2
4449,6.3
4945,7.1
4045,8.0
6503,0.0
3702,6.0
1035,7.8
9256,5.1
5590,5.6
1228,7.4
9999,6.0
6811,6.0
5141,5.2
52,7.3
9067,5.7
8395,5.6
159,5.3
7552,6.1
1587,7.6
1589,6.9
9841,5.6
9328,7.3
6930,5.7
6596,7.1
6174,6.6
8098,0.0
3858,7.5
9814,6.3
6691,7.3
2828,5.8
436,7.0
8274,7.2
8168,7.0
3878,7.1
1588,6.4
2780,0.0
8981,5.0
8561,6.9
5686,7.2
3965,6.5
4727,6.2
973,7.3
1238,7.1
2951,5.5
2342,6.5
6520,7.5
7310,7.5
6046,6.6
2158,7.3
9288,6.4
6589,6.1
1497,6.5
4545,4.3
6465,4.1
4257,6.6
2422,8.2
8564,0.0
5185,7.2
5647,0.0
357,6.5
5242,7.6
8011,6.3
9240,6.3
2092,6.1
5409,5.9
2015,7.8
9059,6.9
4044,6.0
187,7.3
6858,6.4
3655,5.0
3426,7.9
7194,6.9
1381,7.7
7468,5.8
413,7.7
5037,5.9
4897,5.4
3336,7.5
3606,6.8
3175,4.6
2241,6.0
9708,5.0
7796,5.2
256,6.9
8620,5.2
200,8.2
2235,7.6
4743,7.0
1767,7.1
4236,5.8
6729,6.4
8450,0.0
7277,7.2
1572,6.6
24,7.0
3363,5.7
1088,7.5
4674,6.6
2694,6.1
7582,5.7
3398,4.5
3559,5.9
9156,6.8
2841,6.5
2311,6.1
8333,6.5
3234,6.1
4152,6.8
1309,5.9
695,6.1
9859,7.2
3752,6.5
6337,2.8
1227,7.9
1999,7.2
276,6.4
8176,5.3
7664,6.5
5929,7.7
2953,7.2
3637,2.0
3906,6.8
4778,8.0
5845,6.8
9698,6.8
4117,5.4
7030,6.0
1137,7.2
2767,6.9
2334,6.8
7706,6.8
942,6.1
7662,5.4
2490,6.1
9679,4.9
6290,6.6
4935,6.7
3935,5.1
6956,7.1
2384,6.0
115,8.2
1863,5.7
9976,6.2
3119,7.6
4258,7.7
6705,4.8
902,0.0
2819,6.6
3822,6.8
8161,7.3
6890,7.5
9090,4.2
4699,5.5
8918,5.3
3802,6.8
6068,6.7
5810,7.1
3536,7.5
3825,6.8
8642,0.0
8608,6.2
4810,7.7
1946,5.8
8600,5.4
7136,5.8
5335,8.4
3488,7.4
1610,7.9
7461,5.7
8473,6.3
4677,6.6
4959,6.5
5867,6.8
8763,6.6
4761,5.3
2194,6.4
8003,6.5
5701,7.0
5113,5.6
557,7.9
8065,7.0
5139,7.1
1207,5.5
7033,5.7
7309,7.7
1510,7.1
6769,8.3
3829,4.6
3732,6.3
7957,6.9
3211,6.4
3630,5.8
1708,5.8
1845,7.2
266,8.3
5985,6.2
1140,6.8
3162,7.5
6207,5.4
2046,6.5
3730,6.6
1909,7.5
7307,6.6
2660,6.8
656,5.8
6660,7.8
1307,6.1
9429,3.7
998,6.8
7432,6.7
2834,5.9
9178,6.4
5880,6.1
1237,7.2
2151,0.0
7919,6.6
9695,6.7
7189,7.7
8303,5.9
6578,7.1
5091,6.9
2186,6.3
1134,6.4
5004,5.6
7974,5.9
1303,5.2
8468,7.0
1627,6.4
9281,5.7
1522,7.6
9810,7.8
358,5.6
138,7.7
299,5.4
1556,7.6
5099,7.8
382,7.5
8312,7.0
6948,6.0
4857,6.0
3180,5.9
1439,6.6
7269,7.0
5673,5.6
946,5.6
2390,6.3
5498,5.5
7073,7.1
9230,5.4
2721,6.7
1932,6.8
7423,3.9
3236,6.3
3140,6.1
4163,7.7
8888,6.3
3807,8.2
9479,5.9
6983,6.6
8904,6.1
9722,0.0
4154,8.3
4172,7.5
796,6.7
2416,6.8
7170,6.0
6139,6.8
785,7.4
7067,3.8
3158,7.0
123,7.1
9457,5.7
9246,6.4
2172,4.7
2169,6.1
6880,7.5
4009,6.3
9296,5.6
4340,5.8
910,7.5
6268,6.6
7771,6.0
2309,5.8
9658,6.6
3634,6.7
1257,5.4
6591,6.7
4458,3.6
6133,5.9
1178,4.6
4652,7.9
6218,6.4
3650,6.3
442,7.7
3415,5.6
1399,6.4
1457,7.3
7524,6.2
5744,5.9
1054,7.1
8998,5.9
3275,6.2
1463,6.4
3699,6.8
3759,8.0
929,6.9
5511,6.9
6468,7.4
8412,6.8
1829,5.7
2928,6.0
8295,6.7
6538,5.5
4221,7.7
3546,5.8
5598,5.9
8937,7.3
7318,7.2
8350,2.0
2011,6.6
913,6.3
8248,5.7
7265,0.0
3219,6.1
2606,4.3
3264,5.7
4928,6.0
8661,5.0
6564,7.2
8129,7.0
6,6.8
2980,6.3
6583,6.5
3361,7.5
4774,5.8
1943,7.3
7452,7.4
5499,6.5
1635,7.4
1141,8.4
2041,7.4
6703,5.4
7818,5.0
2070,6.6
3134,5.5
5160,6.5
8331,6.6
5275,3.7
2242,7.1
1474,8.5
8590,5.7
1889,5.9
3435,6.5
7593,6.5
7745,5.0
3705,7.7
2021,6.5
4020,6.2
8830,7.1
8443,0.0
3500,8.2
2658,6.6
8456,6.7
6888,6.7
1130,6.3
5557,4.9
7358,0.0
1819,6.4
7538,5.3
9386,0.0
4318,6.8
9604,6.8
4144,6.8
4669,7.2
1236,7.6
5476,7.8
9836,7.1
1856,8.1
2282,4.8
8693,7.4
9320,7.3
4093,6.7
7061,6.3
5200,6.7
6401,6.3
9929,7.4
3421,7.6
9269,6.1
386,6.7
8548,5.2
1628,5.8
3585,7.6
7412,7.8
2714,7.4
7171,4.6
8435,7.8
9321,6.0
5659,6.6
3189,6.2
9968,7.4
4305,7.9
909,6.4
5385,5.2
1996,6.9
1866,7.1
1842,5.8
2497,5.7
201,4.5
7905,6.2
7724,7.0
5054,5.6
5889,6.3
4006,7.1
9901,6.5
2702,6.0
3449,3.5
331,7.3
7139,5.2
8960,4.3
9819,7.1
7176,4.5
2459,6.8
1774,5.9
6628,7.3
7596,5.9
7986,7.3
2686,6.0
9147,4.3
989,5.7
9046,7.9
8348,7.2
8875,7.1
8550,8.1
5806,6.4
8733,6.7
8697,5.6
6574,4.9
3052,7.0
8637,7.6
5462,6.9
173,7.7
4954,6.9
4615,5.8
3321,7.1
7065,4.6
6246,7.4
6745,5.8
3372,6.7
6048,0.0
3311,7.4
7416,6.3
7293,6.5
7584,8.2
9377,7.6
8811,7.3
8160,5.9
4679,5.9
3403,7.6
18,8.4
3691,6.1
8654,7.0
4096,6.0
3628,5.0
8862,5.3
2174,8.3
1356,8.1
5002,7.2
7391,0.0
6922,5.5
5823,8.1
9502,6.2
5670,6.5
3112,6.6
182,5.6
3642,6.7
8857,6.9
1812,8.6
7875,5.9
8497,5.0
4912,5.2
5668,7.3
8542,6.7
1800,8.2
9251,6.9
2429,6.4
5482,2.0
6761,5.1
9839,7.1
9635,4.8
1968,5.4
8339,5.9
8141,5.4
7696,6.2
7541,6.9
4987,5.0
9756,6.9
4650,7.3
1159,6.4
1213,6.3
7336,4.6
1325,6.1
7512,5.7
7580,6.0
4796,8.1
6796,5.3
5808,5.3
5943,6.2
9283,6.0
8144,6.8
1455,7.9
5410,6.0
7129,6.3
8892,7.3
4962,6.0
2800,6.2
1644,6.8
2140,7.8
4536,6.8
4457,6.9
8951,6.5
5586,6.4
4378,7.5
729,5.7
4357,5.8
7748,6.7
6716,6.7
1936,7.0
3793,7.1
3736,5.1
2261,7.7
4005,5.2
1110,7.4
9028,6.4
5480,8.1
2998,7.1
2394,3.5
1185,6.8
2007,8.1
193,7.2
5611,6.8
2901,5.2
578,6.2
6219,6.9
5525,7.0
771,6.1
7839,5.8
2395,6.5
1478,6.9
1846,7.2
9108,7.5
4274,6.1
3740,6.7
4600,6.4
8087,6.6
8710,6.0
6676,6.8
6375,5.4
8124,5.3
9538,6.3
4915,7.0
2073,6.4
4754,6.0
1896,6.2
8552,7.2
6702,7.1
6317,5.9
3659,7.3
6581,5.8
2379,8.2
1447,8.4
342,6.7
5127,6.4
3136,5.0
2527,7.8
727,6.1
4577,6.4
976,8.5
8391,5.4
5443,7.7
9034,6.2
3516,7.2
7975,5.6
9787,4.0
3940,6.3
1299,7.1
9764,7.7
1348,7.5
660,7.7
5886,7.2
1492,7.7
9946,6.9
4589,6.2
8530,5.5
5154,6.2
2315,6.3
9614,6.6
9577,7.5
7024,6.5
1085,7.2
2524,6.7
8968,5.0
5374,6.8
3198,5.9
5751,6.0
4008,6.1
5717,4.5
6657,6.3
9357,7.0
8790,5.2
67,6.9
7923,0.0
40,7.6
2269,7.0
2381,6.6
7341,7.0
9961,7.1
4916,5.3
5322,7.1
5773,7.2
6232,6.4
6963,5.6
3447,5.5
6816,6.9
2367,7.4
7981,5.0
8166,6.3
2512,6.6
9619,7.1
2723,7.3
5948,5.8
9185,4.4
9004,5.5
1143,6.1
9736,6.8
7222,7.0
8292,5.2
9220,7.0
4728,4.7
5494,0.0
5755,5.4
7562,7.6
3789,5.7
2220,6.9
5075,5.8
2331,8.1
5394,7.5
7439,6.8
8067,7.4
7090,7.2
9336,7.9
4088,6.4
1967,5.9
9363,6.1
9796,7.0
6757,5.6
9586,7.1
4365,6.9
6999,6.8
423,7.6
280,6.8
1904,6.2
595,4.9
8579,5.9
3917,6.8
6142,7.3
5661,6.4
5778,6.6
3618,6.7
6845,5.5
839,5.7
4596,5.7
7496,8.1
141,0.0
2597,6.3
6701,5.8
7756,6.0
1377,6.9
3674,5.2
8770,6.1
9895,6.4
6362,5.0
4741,7.5
3808,5.8
1138,7.7
2257,7.5
7865,7.9
1787,0.0
3938,5.8
9316,5.7
4646,5.9
459,8.5
6115,5.9
9542,7.8
948,6.9
3700,6.9
1336,6.1
6370,5.8
4628,5.7
6286,8.3
5925,6.4
5934,6.2
6040,6.3
441,7.0
6659,6.9
1602,4.2
2238,6.4
639,5.4
9820,7.7
3830,8.3
9395,7.0
6144,6.8
7985,7.0
9052,7.7
6344,7.1
2501,6.7
1958,5.7
1070,5.9
155,7.5
2295,7.0
9801,6.9
4578,7.1
1089,7.5
6049,6.3
6415,6.0
2940,7.4
723,7.2
4384,6.9
930,7.0
2909,6.4
7845,6.1
6763,6.8
8388,6.8
6416,5.6
895,5.3
3247,5.5
2326,5.7
7096,6.4
9505,5.3
7581,6.9
9742,0.0
5038,6.2
6450,6.8
4136,7.9
9248,5.8
1715,7.0
1698,7.1
9690,6.9
9549,6.6
9971,5.3
8224,5.6
3831,5.8
6299,4.5
3348,6.2
9518,6.7
985,7.6
1821,7.7
4571,7.4
587,5.6
9757,6.0
5077,0.0
7782,6.1
8323,0.0
9522,6.7
9967,4.4
5483,6.2
7746,5.6
9280,4.5
5514,5.8
9527,7.6
8871,8.4
5553,6.7
3557,7.7
1395,6.0
264,6.2
3547,6.8
6844,6.4
7628,5.6
6788,6.0
3069,5.5
5025,5.5
8396,7.1
3864,6.2
9072,5.9
2400,6.6
6274,5.8
8484,0.0
3711,6.5
246,6.4
1594,6.7
9682,7.0
1529,6.0
8223,7.2
923,6.3
7553,6.6
4364,5.5
669,7.2
3604,6.8
5108,6.1
1910,7.5
8344,6.2
5248,6.4
7183,0.0
3958,7.5
6957,6.3
6026,7.1
5643,5.7
2696,0.0
2591,6.8
5906,2.5
1781,6.8
6509,7.0
3013,7.8
7133,6.6
2307,5.9
7276,4.4
3690,8.1
687,6.7
6011,5.7
7071,5.5
612,6.7
7167,6.6
9205,6.2
3200,7.1
2267,6.9
9781,8.0
6629,4.0
4135,6.1
1898,6.2
9530,6.6
8153,7.5
258,7.5
2924,7.6
9424,5.3
4943,7.1
2822,7.3
6529,5.4
3339,6.5
3525,6.2
4563,6.2
9656,7.8
7908,8.2
5329,7.1
5223,7.7
2285,6.4
6063,5.3
4654,7.0
5000,5.2
6710,6.9
9324,5.9
484,6.1
2211,5.9
5416,7.1
7563,5.1
2555,5.9
7,7.0
3657,7.5
6411,6.0
9164,4.3
4874,6.8
4402,6.8
8916,7.6
5546,0.0
5297,6.6
2426,6.1
6744,5.7
1814,5.4
6822,6.8
9625,0.0
2274,4.5
1011,6.0
1577,5.8
7264,6.4
1067,7.3
1991,7.5
3970,6.8
9073,8.2
5879,5.7
8430,6.7
4542,6.3
9326,6.3
7193,6.9
3867,4.7
9415,4.5
6823,6.5
3048,6.4
781,7.8
6747,7.4
2675,7.4
1749,6.1
6222,6.8
7946,5.9
2791,6.7
6519,6.4
5774,7.8
6357,7.4
4979,7.4
7588,7.3
1091,6.7
6526,2.0
9607,6.1
4627,7.2
2324,5.7
6534,6.5
8971,5.8
5055,7.2
2608,7.3
9020,6.7
2290,6.1
1727,7.4
610,6.3
4666,7.5
8051,7.4
5413,7.4
343,5.9
4683,6.4
8784,6.9
3750,6.0
8453,5.8
9307,5.8
5999,6.7
3215,6.9
97,8.3
7387,5.9
7665,6.3
5176,7.1
7279,5.9
6165,6.9
1537,6.0
3588,6.4
9442,5.5
6985,5.7
3648,0.0
2657,6.3
9826,0.0
1517,7.1
5061,7.5
9349,6.6
4624,4.7
4272,4.7
3669,6.0
6566,7.4
5800,8.6
2090,5.5
7097,5.6
6171,4.7
572,7.9
9558,7.6
4688,6.0
9074,6.8
3062,5.4
9293,7.1
6470,0.0
7160,4.0
6633,8.0
8491,7.9
7925,6.9
7345,7.8
6304,6.8
7900,5.6
9439,5.2
8185,5.5
4479,5.5
4948,6.7
5976,5.7
370,7.4
1938,5.5
2352,5.9
7127,6.8
1753,7.2
3670,6.3
7298,5.5
3652,6.4
5201,6.7
7909,6.8
2361,6.6
4260,7.3
5432,6.4
6285,7.7
4991,7.1
7600,7.3
9462,5.5
3737,6.2
7520,5.0
8559,7.0
8926,6.1
9990,4.3
5591,5.5
1171,6.4
7370,6.2
7937,6.2
8086,5.3
1422,8.5
6782,4.1
9443,4.3
8139,7.1
9350,7.0
8018,6.2
6339,6.7
9647,6.6
874,6.0
2297,7.0
2643,5.7
7531,7.0
1719,6.1
5347,6.8
5932,6.4
840,7.4
9937,7.8
581,7.9
204,7.0
1641,6.4
2014,7.1
3253,7.6
7540,0.0
905,6.3
631,6.8
8420,6.4
7823,7.6
1974,6.3
162,7.7
4998,5.7
1243,7.0
9450,2.0
7764,6.5
4713,6.3
875,6.5
1431,5.8
8738,5.8
6868,7.9
4643,5.4
5080,6.9
5783,5.2
9138,4.2
7616,5.5
8039,6.1
7955,6.1
9437,6.2
2856,7.0
1861,0.0
2659,6.6
3384,6.2
9564,8.2
9776,4.9
8090,7.3
8347,6.4
7462,6.2
6886,7.1
4733,6.2
3331,7.7
9006,6.2
8635,6.4
6404,5.3
8346,5.3
9464,6.8
7060,5.0
2096,6.8
2003,6.1
8804,6.5
9732,6.8
4676,6.5
5017,5.8
7469,5.5
546,6.5
1449,6.5
3986,6.5
6900,6.1
2610,6.8
1900,5.8
3920,6.8
2757,7.4
6124,5.7
6397,8.6
1885,7.2
9823,6.5
5738,6.6
8667,6.7
5890,6.3
2097,6.1
9289,5.8
5692,7.2
499,6.2
5624,6.6
836,7.0
3471,6.1
4697,5.5
6280,6.3
8883,0.0
2171,6.7
9231,7.4
5678,6.7
9184,6.5
398,6.9
2010,8.2
5166,7.3
5871,7.4
9792,6.6
1283,6.5
8390,7.0
2448,7.2
4256,6.4
1836,7.6
9596,5.1
1019,7.6
5066,6.5
1326,6.6
8752,7.9
475,7.0
2810,7.3
8632,6.0
1651,5.8
9611,7.7
1169,6.0
2528,5.6
1206,5.7
6256,6.7
7926,6.5
5469,5.7
9383,6.1
431,7.4
7700,6.7
867,6.5
2974,5.6
5236,6.6
5093,6.1
5433,7.1
541,5.6
5195,6.8
1132,6.5
9837,7.5
4501,6.4
6354,6.3
9333,6.9
3390,6.4
3888,6.2
2962,6.0
4155,7.7
3259,6.6
6302,7.1
6034,6.6
7918,7.4
9936,6.3
2583,7.6
2813,6.6
3959,7.5
2947,7.5
6643,5.7
5174,5.8
6841,6.5
8298,2.7
3586,6.5
9228,5.9
7988,3.5
2563,5.7
2630,8.4
3190,6.8
7778,7.2
7645,0.0
5036,4.2
1080,6.8
4283,7.3
9711,7.3
7085,5.0
2085,7.7
6345,7.7
2452,7.4
4966,6.2
2023,2.0
8071,7.6
8987,5.3
8718,6.5
7321,6.4
226,6.9
1013,7.3
6679,7.2
1929,6.2
1043,5.8
5251,5.7
1404,6.4
2179,7.3
697,7.2
1124,8.4
7378,7.0
3895,6.4
8217,7.1
5110,5.9
1778,6.6
7786,5.8
2634,6.9
7187,5.9
7544,6.6
7604,6.1
3489,6.8
8259,0.0
1037,7.4
6093,6.2
2256,7.4
8188,5.2
2613,6.8
313,7.6
2649,7.2
2281,6.1
6741,8.2
2979,5.1
2547,6.4
5512,5.0
5132,6.9
2159,7.5
7080,7.6
3137,8.3
9079,6.7
5850,6.3
9865,6.1
6445,0.0
3967,0.0
1428,7.0
8422,6.6
2520,5.5
7837,7.1
4969,6.7
1855,7.0
8884,0.0
5602,7.6
9344,0.0
9868,7.1
448,5.2
7703,5.7
1284,6.8
5995,5.2
7899,7.4
3727,7.9
7353,6.6
361,6.9
6279,4.9
5230,7.1
8942,5.2
7295,5.9
8891,7.4
7534,7.2
6251,6.2
5926,6.1
5149,5.8
2460,6.1
22,5.8
2066,0.0
1653,6.4
702,6.6
8490,5.3
2743,6.6
1376,7.5
1724,5.2
2468,7.8
3754,6.2
2325,6.3
460,6.4
5163,5.6
4183,6.0
5526,6.8
4082,7.6
1486,5.3
3678,7.5
282,7.6
6579,7.0
4558,5.3
4308,7.2
6684,6.4
4865,6.3
3537,7.3
3868,5.0
7003,7.1
2581,7.7
1368,7.1
9469,7.3
8197,6.0
597,6.9
4351,6.8
6346,7.3
8976,6.1
6379,5.7
4758,4.7
646,4.7
6381,6.6
7527,8.0
9697,7.1
6023,6.8
7954,3.6
7165,6.6
3468,5.5
7797,5.3
7697,6.6
2990,6.8
9407,7.7
4875,5.5
2544,6.5
8595,7.6
5341,6.0
1567,5.6
9994,6.6
4066,6.1
3988,7.9
7031,5.9
2160,6.4
685,6.2
7602,6.0
7784,6.2
3243,6.9
5844,7.2
9219,6.1
2461,4.6
4083,6.4
2837,7.2
3697,6.3
7128,6.2
6267,6.0
4941,5.4
5946,5.9
4583,6.5
5784,6.2
4040,7.3
2230,4.1
7569,6.9
935,6.4
2320,7.4
4878,6.9
521,6.4
522,5.7
5345,5.5
9876,5.3
3359,6.1
1311,7.2
3983,6.4
6494,6.8
9560,4.3
1716,6.7
780,6.9
8798,5.8
8231,7.4
5607,8.8
5978,6.8
651,6.1
3747,6.5
2196,6.2
8418,4.1
369,5.4
9884,6.4
8005,6.6
4214,7.2
377,7.2
9446,7.1
2216,6.7
8682,3.9
1613,6.1
6979,7.5
7549,7.2
1827,6.5
3632,6.0
962,6.3
2993,6.0
6606,7.2
9672,5.9
2376,6.1
8880,6.6
359,6.1
3839,6.5
8184,4.3
1246,8.2
7504,7.0
8349,5.9
6511,5.5
5087,2.0
3694,7.3
1573,6.7
6281,6.9
5439,5.2
2567,6.5
3423,7.8
2037,5.4
9243,7.8
772,5.6
5380,6.3
9568,6.2
3562,8.2
562,7.4
6683,7.3
2546,4.3
5510,4.2
5330,6.2
9667,4.3
4531,6.0
1674,5.9
7395,5.1
365,7.6
8016,5.7
9376,7.7
4327,5.8
9983,7.2
147,7.2
1668,6.8
3088,7.0
8844,6.5
7650,5.7
407,8.5
9584,7.1
7788,6.8
3456,4.5
6186,7.9
4182,6.3
3576,6.0
3271,6.2
4940,6.8
1031,6.5
8872,7.9
6230,6.5
6592,4.8
8906,0.0
9811,6.0
6724,6.3
8029,5.8
8052,6.0
855,5.5
3926,5.9
8547,6.8
78,5.6
7088,5.2
2247,7.8
8263,5.3
4026,7.9
9949,7.3
9571,6.0
9295,6.7
714,7.9
7451,7.4
788,8.5
2279,7.8
4095,6.0
3897,7.9
7944,5.9
7177,6.3
9076,5.5
9452,6.2
3631,7.4
8624,4.9
7297,6.1
6272,6.2
424,7.9
392,6.2
3191,5.9
16,6.8
6335,7.4
4200,5.6
2672,5.8
2444,7.4
6697,5.1
6164,5.7
2601,6.5
3493,5.4
6044,5.3
1459,6.2
3804,5.3
9845,5.7
7394,5.6
4839,6.7
8111,6.9
3835,5.9
9313,7.4
5683,5.7
8748,7.3
5827,8.2
9748,6.4
4724,6.0
8759,6.7
5887,5.8
2355,7.4
6036,6.5
4798,6.5
2442,6.9
8645,7.0
4592,6.2
8772,5.1
464,6.7
163,6.3
9261,7.2
9433,5.8
8405,0.0
9777,6.3
9478,6.9
7380,5.5
6636,7.2
241,7.3
2009,6.6
6356,4.3
3084,4.2
6208,7.3
900,7.9
5542,7.5
6007,8.4
7638,6.6
6793,5.1
8869,6.2
7758,5.7
4837,5.5
2293,6.4
6548,4.0
7898,5.7
7977,7.0
4481,3.0
5302,7.1
4605,6.5
3716,6.1
9071,7.1
6140,7.8
1764,3.9
6598,7.2
1549,6.7
3029,7.1
8653,5.7
6298,6.2
6662,7.1
6626,6.8
2044,8.3
767,6.8
5693,7.0
7870,5.8
7795,7.8
1508,7.0
7230,4.8
7857,6.9
3302,6.2
4517,7.3
4219,5.2
9078,5.6
9940,5.3
3292,5.8
819,7.7
1403,6.7
1382,5.1
2148,7.2
6928,5.7
5671,6.3
1638,5.0
5891,4.5
7427,6.5
608,7.1
6907,7.0
399,5.3
7247,5.5
6406,5.3
882,5.8
3565,7.6
4285,6.6
1179,6.5
5448,0.0
4244,6.4
5218,5.1
3976,6.4
2130,7.0
5078,6.7
456,7.8
5582,6.7
5175,6.2
1950,6.1
5372,7.3
689,6.6
8852,5.5
6525,5.2
9821,6.5
6488,5.9
6921,6.2
1953,4.4
7634,4.9
5636,7.4
7154,5.5
8424,7.3
6610,6.9
2710,6.0
8730,6.9
3201,6.7
4349,6.3
4138,6.8
1884,7.0
8639,7.2
4485,6.7
2494,6.1
5947,0.0
3036,6.8
5777,7.1
3603,7.5
845,6.0
542,5.4
3724,6.7
4187,6.6
3679,8.0
8899,7.3
7967,0.0
8485,6.6
6075,7.0
7340,6.9
8225,5.7
7246,7.2
9710,6.4
8290,5.1
7137,7.4
2964,7.6
7559,6.7
2529,6.3
7284,5.9
5772,5.9
1048,6.3
7045,6.0
1960,6.4
2530,7.9
9048,7.8
7603,7.2
6524,0.0
237,6.3
4917,0.0
6479,0.0
1133,7.3
6976,5.8
5901,6.8
9057,8.1
4259,7.3
8840,5.7
6965,5.3
9979,6.0
792,6.8
1985,7.3
5656,6.5
8739,6.7
7935,4.9
6097,3.7
5907,6.6
7373,6.9
8128,6.8
2978,6.2
8861,6.0
9301,6.0
6721,5.9
7842,0.0
5524,5.5
8721,8.2
8431,7.3
9008,4.5
8603,7.9
7174,6.2
3919,7.2
3138,5.9
9416,6.0
9933,7.5
5789,6.2
4073,5.7
3287,5.0
3229,6.4
1826,7.3
5548,6.3
593,6.2
2725,5.1
4137,9.0
560,7.3
7406,5.0
8806,6.9
8386,5.5
243,6.8
7268,4.7
5435,7.0
4437,5.7
9684,0.0
8106,6.7
405,7.8
1442,6.0
261,7.0
4406,6.2
7633,4.5
9533,7.3
1689,6.3
9866,6.9
1725,6.3
8994,6.0
4930,6.2
5962,7.0
2496,5.9
9014,5.8
6904,7.1
6106,8.3
8200,5.8
340,7.4
2408,5.4
1601,8.1
9864,6.5
8359,6.5
5782,7.3
4576,8.5
7971,8.1
3725,0.0
2556,7.1
2785,5.5
1523,6.7
7717,6.1
2507,6.9
2831,6.0
1012,6.6
5280,7.2
4895,6.0
1766,7.3
4551,7.5
7121,6.8
6549,6.6
4037,6.1
8270,6.7
148,7.8
285,6.2
7800,5.8
9651,0.0
363,7.0
5367,6.2
9945,7.4
8410,6.0
9453,7.4
4725,8.2
7271,5.1
6770,6.8
4443,5.7
7446,6.2
236,6.5
7709,5.7
9585,7.5
2562,6.6
7123,5.4
8536,7.4
9602,6.8
5519,4.7
9613,6.5
3083,6.8
2959,6.5
2102,7.6
632,7.7
6813,6.8
2493,6.3
2665,6.2
8494,4.8
8425,7.6
9266,0.0
4211,5.3
3874,5.1
2817,5.6
8268,5.0
9815,7.4
7426,7.1
8602,5.7
8475,6.1
1735,6.5
7397,6.6
4255,7.8
8288,5.4
2475,7.1
9984,5.3
3713,5.5
8978,5.7
1804,5.3
707,7.5
9191,7.3
5189,7.0
5472,6.0
72,7.7
7843,7.8
5101,5.7
6764,5.8
1125,5.8
1241,5.8
8253,6.3
2349,6.1
6602,7.3
6780,7.7
4358,6.4
1343,5.1
9988,5.3
8679,6.8
9575,5.8
6652,5.7
1100,7.6
7327,5.8
7622,6.3
987,4.4
2852,6.2
630,6.9
1249,6.8
3179,4.5
482,7.4
3040,7.1
5010,9.5
8727,7.7
7000,6.7
3273,7.5
7227,6.4
3683,6.4
6674,4.4
6807,7.2
9738,5.3
1316,5.9
3225,7.6
1072,7.8
4815,4.8
8459,5.9
5752,5.4
9145,6.7
4616,7.7
3097,7.6
6869,6.5
1300,7.4
7285,6.0
6284,6.4
5495,5.8
5291,7.8
1798,3.9
5203,6.7
8227,5.5
5047,7.4
6441,5.5
8105,4.8
2359,6.7
9380,7.2
3654,7.3
7052,5.9
1286,7.8
9126,7.1
4445,7.6
2137,6.3
6787,6.3
9752,7.5
8510,6.9
9539,7.3
6894,6.1
8569,6.1
7151,0.0
963,5.7
6012,6.6
4882,4.5
140,6.3
9032,6.3
6936,8.6
6542,6.5
5243,6.1
4431,8.0
406,7.5
8212,5.9
8376,2.0
8627,7.3
8234,6.5
4399,3.7
5252,6.1
11,8.4
4760,7.5
1177,7.9
2863,5.8
6471,5.8
6228,4.6
2989,7.0
7117,5.8
7010,7.3
8557,6.7
1440,6.9
9747,5.3
2875,6.3
9098,0.0
8788,6.3
7232,7.2
3726,6.4
2772,6.0
454,4.5
8189,8.2
1367,7.5
3712,7.5
9852,6.5
1388,7.2
1000,6.6
7761,5.8
3553,5.3
4114,5.7
1667,5.4
3173,7.4
9397,7.6
488,6.2
3230,6.0
3828,6.1
8651,6.0
5208,6.2
7848,6.1
5704,5.6
9639,5.9
8133,5.9
703,7.0
5105,5.9
8893,5.3
3291,7.7
8125,6.6
9631,5.7
9021,6.3
4909,6.3
4440,0.0
986,6.2
9236,5.9
9883,7.5
7705,5.2
6257,7.6
6089,5.3
5238,9.2
1198,6.8
9070,6.4
7519,6.5
6812,6.7
8320,7.0
7175,6.8
4470,0.0
891,6.6
1969,6.5
5757,7.4
6527,7.6
6294,4.8
7595,5.7
3249,5.6
6570,0.0
6638,6.8
7351,7.5
9172,7.3
7473,5.4
9601,6.2
8673,3.3
1239,6.3
2289,7.1
2740,6.8
4585,5.9
1229,5.1
6980,5.1
5178,6.4
4293,6.5
1058,7.1
6262,6.7
281,7.6
968,7.2
3953,7.6
1939,6.5
8464,5.9
1274,6.0
619,0.0
8505,6.7
1742,5.9
1390,6.7
2203,7.3
3568,6.3
6116,5.6
9970,6.6
6052,6.6
3178,4.4
3192,3.4
6099,6.0
7029,6.8
575,7.3
6656,7.0
7115,4.7
8802,6.0
6276,5.4
8984,7.1
5897,6.7
5724,7.8
269,2.0
629,8.3
3081,7.3
3466,7.8
6430,6.5
9311,5.6
7062,7.3
9727,6.0
5543,5.2
4356,5.4
2113,6.8
8219,4.9
3216,6.3
3814,7.4
8321,6.5
8589,6.5
2278,8.2
4599,7.2
13,6.9
9225,4.9
1525,5.6
2365,5.9
4648,6.3
374,5.7
8521,6.9
6477,6.1
525,7.4
6895,7.1
3591,7.1
7904,5.8
2958,6.9
529,5.5
3714,6.7
4732,6.2
1394,5.6
5631,6.0
6563,6.1
4703,6.8
1712,7.0
9755,5.3
955,6.3
6675,7.0
3453,5.6
2071,7.5
9740,5.8
158,6.4
7005,6.6
352,6.4
6078,5.7
6236,6.0
2920,6.9
4644,6.8
661,5.5
7057,7.5
3665,5.4
7979,6.9
306,0.0
4790,6.7
2356,7.3
1927,7.6
9939,6.6
3427,6.0
3638,7.3
1266,5.3
1560,6.8
7179,5.8
4109,6.3
7867,7.1
4904,7.1
7294,7.0
514,6.1
894,7.5
21,7.0
899,5.2
207,6.5
458,7.1
2430,6.7
8442,5.8
3389,8.4
3911,6.0
5383,6.0
552,2.0
3144,7.0
6917,5.5
2056,8.0
1925,6.1
634,6.9
6082,7.0
9270,6.9
9678,7.1
105,6.1
3041,7.9
1709,6.6
89,7.5
7014,5.5
3174,6.6
917,6.9
7833,4.9
6732,6.7
1949,6.7
6368,6.5
1,7.1
8032,7.7
6047,8.0
2720,6.5
9812,7.4
3117,5.7
9465,6.5
3762,7.2
213,8.4
778,7.1
3496,8.4
8817,6.2
2043,5.9
5420,6.5
6154,5.8
8357,6.6
8707,3.5
8465,7.1
4167,7.3
3788,6.4
583,7.4
9911,6.9
9986,7.8
116,6.2
6644,6.3
9033,6.6
9951,6.6
8959,5.8
1763,6.6
1875,2.0
3224,4.9
526,8.2
7725,6.1
2946,7.5
4473,7.0
5655,7.6
6059,4.5
959,6.8
6342,5.9
3633,7.3
1050,7.2
3380,6.8
3676,6.4
5776,6.4
9045,6.6
6573,7.4
5179,7.2
1607,0.0
3610,8.0
9758,6.8
6635,6.7
9997,6.6
791,6.0
3056,6.1
1980,6.8
3598,5.9
933,7.1
7424,6.2
5626,7.3
1682,5.9
4179,6.3
6446,6.4
4116,7.3
988,6.1
2896,7.1
3778,7.1
5658,5.6
3093,6.8
3155,4.8
1823,6.4
9622,3.5
1098,7.3
2844,6.3
3342,7.0
38,6.2
6540,5.9
9473,7.3
3356,6.7
7813,7.9
8220,5.4
9227,2.5
2428,7.4
5043,4.8
5346,5.7
4811,0.0
8476,5.1
686,6.7
4799,5.7
7437,5.4
2353,7.3
6353,5.9
4569,7.8
8213,5.4
2752,7.3
8073,4.8
1040,7.3
7491,5.6
1265,5.8
9265,0.0
7059,6.9
277,6.8
5084,7.0
2382,7.3
571,7.6
1435,6.5
5352,6.3
5445,7.0
1007,6.5
4543,6.7
8816,6.5
2064,7.1
1136,6.6
5343,7.5
294,7.7
2403,7.8
3998,6.4
3741,5.9
9222,6.4
2719,7.6
9199,7.9
5150,7.3
2808,6.0
556,6.3
8925,6.2
4795,5.9
2469,6.2
3738,5.8
4286,6.2
2604,7.4
362,6.9
6924,5.3
1704,6.7
2139,7.5
3239,6.3
2383,7.2
7314,7.2
4311,0.0
1312,7.9
3930,4.6
6183,6.1
1591,7.2
9387,0.0
2162,7.1
2396,7.7
317,7.2
5233,5.9
5068,5.9
4036,6.7
3020,6.5
8228,5.9
5295,7.7
3972,5.8
5370,4.6
4133,7.8
974,6.2
7291,5.9
954,5.7
9306,4.2
5016,6.5
9730,8.1
7490,6.8
1640,7.1
1290,4.4
1380,6.4
1933,6.7
4675,0.0
892,5.9
7287,7.5
4876,6.5
7906,5.7
8194,6.6
9379,6.4
2466,7.6
7657,6.4
1913,6.2
2736,7.8
726,6.5
7214,6.2
8245,0.0
1796,6.2
3845,5.8
6402,5.5
936,7.3
2265,6.8
824,7.0
7274,6.1
1389,7.4
3564,6.4
5429,7.0
7827,5.2
5690,5.8
7878,6.4
1868,7.1
8202,6.7
7486,6.0
806,7.3
4805,5.9
9152,5.3
7511,5.0
8056,6.7
4494,7.4
2632,6.1
8900,6.1
8623,6.5
7832,7.5
4388,6.1
145,7.7
6467,0.0
2033,7.3
9127,0.0
1165,6.3
2050,6.1
3760,6.3
4435,6.9
3430,7.0
8190,4.0
8753,6.4
7069,6.0
4361,6.3
1771,5.2
3511,7.2
271,6.4
8436,6.1
2032,7.6
9664,6.4
3810,5.0
4346,6.7
545,7.2
3241,7.5
8502,6.8
9918,6.2
7564,6.5
920,7.7
9118,6.1
6640,6.6
7694,7.6
8230,7.5
7126,7.2
4278,6.7
2983,6.2
130,7.4
7980,7.7
2667,6.0
7138,7.6
3223,0.0
7693,7.0
5392,6.1
614,6.5
9902,5.4
1466,5.8
4497,5.8
3042,6.3
2419,6.9
5085,6.3
3294,7.1
6737,6.9
1500,7.2
1521,6.8
9117,5.0
4232,5.6
7686,8.6
4430,5.8
390,6.9
9858,7.0
7124,6.1
5913,6.5
8592,5.9
4806,6.7
8954,6.0
8238,6.4
8044,6.6
9782,6.2
3993,6.7
9551,6.8
6609,0.0
5319,7.2
7119,5.7
2421,7.0
5604,6.4
1750,5.1
9015,7.4
9718,6.0
338,8.0
8407,3.5
1341,6.3
9544,4.5
7982,5.7
3640,6.0
329,8.2
8828,7.6
3004,6.1
6960,6.6
4090,6.8
2322,7.9
6667,6.4
7009,5.4
4197,5.9
3549,6.6
8363,5.4
4203,6.5
9310,6.3
8936,6.5
6185,6.0
1639,5.7
60,8.4
1240,7.9
5760,6.3
5136,8.2
2343,6.0
2120,7.5
1524,5.3
7617,5.5
153,6.0
481,6.6
6122,6.4
7674,6.9
7101,5.5
1762,2.0
7715,7.1
9081,7.4
7479,7.1
6212,6.4
4853,5.5
2711,7.3
6766,7.4
4150,6.5
1333,5.6
8378,6.6
9389,0.0
9707,7.2
9121,4.6
3850,5.1
8340,6.6
4124,6.4
8963,6.1
4788,6.2
2866,7.5
1386,6.8
5941,5.9
3067,6.3
9058,7.9
3629,6.4
9455,6.3
8949,6.4
3028,6.9
2969,6.4
8646,6.6
6136,5.5
8801,6.5
4263,7.0
645,6.9
9653,7.2
2074,6.4
341,7.3
8041,5.9
1622,4.8
7141,0.0
5796,6.2
7184,8.3
8232,7.1
5475,7.6
9252,6.6
74,8.0
8633,6.7
9229,5.4
2051,8.1
2541,6.8
1301,7.6
5877,6.8
7368,5.3
1304,5.9
8428,5.6
9094,6.6
2599,7.7
2573,7.7
3186,7.6
2768,7.5
4831,6.9
4223,5.9
9649,6.9
2106,6.2
2679,7.0
1387,6.2
8931,5.6
9659,5.2
7083,4.5
1279,6.1
804,3.0
1555,6.3
9486,6.4
4566,7.6
9669,7.6
4841,5.7
3594,6.3
6035,4.4
6852,5.5
8705,7.5
4177,6.5
1308,5.3
3452,5.7
3695,6.0
4242,7.4
2198,6.1
4425,5.8
6150,7.8
943,6.4
822,6.9
5005,6.1
6612,6.1
8356,6.1
5619,7.5
4547,7.7
2538,6.6
5207,7.4
9514,5.3
9009,6.9
3054,4.6
3675,7.2
7776,5.8
7218,5.5
6722,7.4
3300,6.0
3310,6.0
7221,7.2
8519,5.7
5954,7.1
832,5.6
3462,8.7
7643,5.9
54,6.9
3451,7.3
6305,4.9
1481,4.2
4873,6.9
8038,4.8
3335,7.0
6016,5.6
4926,5.7
5797,7.4
9831,7.2
5083,7.6
6645,6.3
5490,7.0
768,6.9
2065,8.6
9500,0.0
7311,7.1
8477,7.8
4524,6.1
2717,4.0
2079,7.5
8914,5.8
951,5.9
8058,7.1
2482,7.4
1759,6.6
4422,6.2
6704,6.2
5182,6.7
8533,6.2
3701,6.4
4243,5.5
688,6.9
3432,6.0
4944,5.8
966,6.3
9484,5.5
2713,6.3
4757,6.1
9545,6.6
6320,4.9
5975,7.1
3572,6.4
5299,4.7
1990,6.3
1205,5.4
4971,5.8
6783,5.9
3600,7.9
6490,7.1
8609,5.8
9978,5.8
8070,6.1
8577,6.6
7973,6.6
1625,7.0
536,7.6
8766,4.9
7970,4.7
4212,7.9
6456,6.3
3507,7.0
8393,4.5
7112,7.2
2708,6.3
5031,5.2
6514,4.5
4662,6.7
4021,8.3
1854,5.5
9425,5.9
2872,5.4
3030,6.5
1645,6.0
3417,6.6
3476,5.7
9552,6.4
1792,6.2
3797,6.8
3368,5.8
7196,6.3
9641,6.8
5109,5.7
6024,6.5
8795,6.0
9294,6.7
126,4.9
5959,5.8
3876,4.7
4451,6.3
7147,6.4
3531,6.2
827,6.8
7790,6.8
984,5.9
7783,4.5
2443,6.3
8554,7.0
345,6.7
814,6.7
6166,6.4
5779,7.4
2116,6.6
793,7.0
6898,6.4
2674,6.1
94,7.1
4225,7.7
3756,6.3
2891,5.6
2371,6.3
9388,0.0
3228,7.1
7863,7.4
6359,6.8
9196,6.2
7326,6.9
6028,4.2
1865,5.4
4612,6.3
2645,6.8
2243,7.6
5373,6.0
2336,7.2
950,6.8
1120,6.2
2204,5.9
419,4.8
922,6.6
8669,5.7
5408,5.9
5788,0.0
5742,6.5
7667,6.6
5567,4.5
8135,6.4
1202,6.8
5765,7.7
8389,5.1
1970,5.9
4018,6.5
3687,6.7
1997,5.5
4033,7.5
1248,5.4
2192,6.1
2712,8.0
2190,7.1
4670,7.0
5142,4.2
5984,0.0
6565,5.4
7804,6.5
6943,6.3
2136,6.5
1065,6.0
600,6.7
4227,5.7
7577,6.3
77,8.1
7546,8.2
2898,7.3
4820,5.4
9302,6.3
6413,6.4
9064,7.8
8007,6.9
5468,6.4
5951,5.1
3391,6.5
5415,6.3
2560,5.3
8162,5.2
2635,8.2
5256,7.0
3530,6.4
8567,0.0
1908,7.6
235,7.6
1604,6.3
7984,6.0
3490,7.0
1994,7.4
2824,7.7
9285,7.6
1342,5.4
8512,5.7
1619,7.1
5287,5.7
2060,7.7
9955,6.9
2219,6.3
6038,5.1
260,6.3
9365,6.1
9093,7.0
3744,6.3
2026,8.4
6988,4.9
4234,8.7
1917,6.1
1828,6.7
6233,7.6
9332,6.7
6283,5.1
4208,6.2
224,6.6
8915,6.4
6469,7.7
9413,5.5
846,6.5
4289,4.0
5560,6.6
2551,7.0
117,7.3
8837,6.5
5966,5.0
8195,5.9
8659,6.5
7489,6.0
5,6.5
5342,0.0
9111,7.1
4324,0.0
1063,6.7
2590,4.8
8434,6.3
3735,6.5
3517,5.2
6986,6.2
6767,6.5
5622,6.5
1605,7.7
1733,7.3
9341,5.4
3812,6.9
9624,6.7
1761,7.1
5401,6.1
2739,6.6
2472,6.9
6738,3.2
6891,6.1
7943,7.3
4206,6.7
6371,6.3
232,6.8
8258,6.4
7561,6.6
6168,5.6
3596,7.8
6288,6.6
4632,6.9
125,6.8
7641,6.9
6229,6.1
1296,5.6
1976,8.4
9480,6.1
9581,5.0
5750,6.7
8152,6.8
3086,7.0
9276,7.0
6882,7.2
9305,6.2
7673,7.2
3345,6.5
8172,6.0
9421,8.3
5870,8.2
6506,5.9
2797,7.6
918,6.7
1646,5.9
5122,6.9
5126,5.1
4621,7.4
6809,6.4
364,4.4
2125,7.9
8150,7.0
8717,6.1
55,6.7
638,0.0
302,7.5
5811,6.8
1276,6.8
4432,8.5
3644,7.2
4143,8.0
2878,6.4
6493,7.3
5240,7.1
9408,6.4
6937,6.9
7240,7.1
2593,7.0
2393,6.6
523,5.9
6376,0.0
6981,7.3
6677,6.8
3900,7.1
9634,5.6
5585,7.4
9360,6.5
7956,7.7
7570,6.6
6777,5.9
671,6.5
4188,8.0
666,7.0
3266,6.7
1887,7.8
8472,7.2
9091,7.4
7687,5.4
6031,7.0
6090,6.3
6238,6.4
7350,6.3
7830,6.3
760,7.6
6254,5.8
1906,6.5
3818,6.4
6269,8.0
4300,0.0
5569,6.0
7941,5.7
4164,6.2
5971,6.3
3579,6.8
2832,5.7
5449,5.0
3472,8.0
6327,5.6
137,7.2
7043,9.5
4892,4.7
2180,7.9
7730,0.0
3177,6.7
4854,7.7
4637,6.9
5115,5.1
7648,6.6
4261,6.5
1331,7.0
7002,4.1
6941,6.9
8017,5.4
6241,6.2
9987,5.7
6881,7.3
4530,7.3
4673,8.1
6996,2.0
1252,7.3
3374,6.2
2814,6.0
4719,7.1
6544,6.8
4858,7.1
7901,7.0
8580,6.0
8427,4.3
1077,7.0
4363,5.1
770,8.0
8865,6.8
249,7.1
7239,7.1
3419,6.1
4976,6.3
4544,6.7
5565,7.7
7939,7.5
716,5.9
9652,7.0
2048,7.3
5997,6.5
6600,7.0
7245,6.0
4178,7.0
4809,7.1
9482,6.7
7140,4.9
7190,5.0
1460,6.0
5989,5.9
2000,6.7
8175,7.3
404,5.9
384,6.6
9448,6.8
9487,6.8
1633,6.2
9853,6.6
4784,6.7
9456,5.9
6970,7.2
3925,7.2
4158,7.3
7449,7.2
8415,5.8
2193,5.9
1015,5.6
5124,6.6
7418,6.7
7409,6.0
8989,7.8
2871,5.3
9,6.3
1838,5.9
4804,7.6
255,6.9
7026,6.2
5713,7.6
3324,5.5
7714,6.1
1581,6.7
924,6.5
2779,7.0
7891,6.0
6132,5.5
5320,2.0
7312,6.6
7102,7.0
6042,6.7
3775,6.4
4835,9.2
4964,6.4
539,7.8
7483,7.0
2745,6.0
3719,7.1
6819,6.6
9337,6.7
4468,5.9
667,5.6
7575,5.7
8549,7.3
5063,6.0
1353,5.8
7114,5.5
9773,7.3
8662,5.7
2703,7.3
3330,7.7
8053,6.8
3584,6.5
9441,6.8
5645,5.8
3376,8.1
1256,6.3
6190,7.4
5348,7.2
4175,5.7
4910,6.7
1852,6.3
6316,8.0
9854,6.2
2105,7.3
133,6.9
5029,5.8
928,7.2
823,7.0
7576,6.6
1531,5.5
1214,6.5
504,7.8
6530,7.7
3072,7.7
9086,4.6
8647,7.2
6619,6.1
9273,6.5
3709,5.0
4849,7.7
4748,7.5
4268,7.0
9878,5.5
8905,5.6
4186,6.8
5301,7.3
2923,0.0
6588,6.6
1810,0.0
3486,0.0
7419,2.0
3141,6.5
9347,7.8
1324,7.5
4312,6.5
7494,5.7
8702,5.3
8691,6.7
9503,7.3
5541,6.4
6172,7.2
1540,4.8
9409,5.7
2681,7.8
9882,6.7
6313,5.0
1191,6.8
5293,5.0
1542,5.7
7056,7.1
2539,6.3
953,5.7
7241,7.6
6731,4.6
4846,8.0
6801,7.1
8010,7.5
4330,7.6
8924,7.8
5334,7.3
7330,6.3
9348,0.0
4729,7.3
6541,6.3
5305,6.0
5161,5.8
7860,5.0
2156,7.0
1062,6.5
1167,5.4
3636,6.6
7651,7.6
5588,5.6
7192,7.6
4491,6.3
7266,5.5
4980,6.0
8335,4.3
9952,6.5
4946,6.2
2782,7.1
717,6.5
2502,7.5
4360,6.1
4171,7.7
8082,5.5
9760,7.0
395,6.4
7186,7.8
9822,7.1
4492,5.9
1365,5.9
9526,6.4
8787,7.2
5917,6.2
4968,6.4
2914,7.2
5644,4.2
3766,5.4
3440,5.9
7357,7.0
6806,6.9
2143,6.0
5104,5.7
5073,6.8
1571,6.3
4079,5.2
1122,5.2
2786,7.4
2967,7.6
2504,5.1
5988,7.4
8867,5.1
7164,6.4
728,0.0
7587,0.0
7543,7.3
412,6.2
5745,7.4
7668,7.7
825,6.4
3267,6.5
3974,5.3
8808,6.2
8306,4.7
417,7.8
6748,5.5
8967,7.3
2082,5.4
8945,7.4
3373,6.6
5726,7.1
4107,6.1
4380,7.3
7723,5.6
1066,7.1
3913,8.4
5536,8.3
8002,0.0
5387,5.4
5732,6.4
2738,6.7
5052,5.9
4000,7.3
2427,5.5
6833,8.2
1687,7.0
851,5.5
6303,6.7
9087,7.2
5878,6.2
8527,7.9
2839,6.6
4611,6.1
9540,5.5
9207,6.5
2489,5.9
6905,7.3
7390,6.8
2849,7.6
6665,5.8
5881,4.0
4452,7.1
7421,6.3
6484,6.6
2479,7.8
6617,7.0
2141,6.1
5188,8.0
9704,6.5
2744,6.1
7253,6.7
3506,6.1
1679,5.2
4249,5.8
3147,7.2
8130,4.3
7004,6.3
580,7.8
4070,6.1
3343,5.8
7404,6.8
3672,6.2
559,4.0
5237,5.4
7805,8.0
512,5.8
1081,7.5
1664,6.9
9204,5.9
1931,7.4
9666,6.9
1150,6.7
2838,5.2
5949,5.7
8308,7.5
8932,6.9
9788,6.1
5177,5.2
830,6.6
8311,7.0
4752,7.4
9850,6.0
635,5.4
4465,5.8
6799,4.8
7987,6.4
7079,5.9
6966,5.1
4142,7.6
7027,6.1
9183,7.4
876,6.5
4869,6.4
5315,6.7
5222,6.6
4,7.8
3051,6.3
5691,7.3
3124,7.6
2491,8.1
3854,7.5
4777,5.1
7509,6.4
6457,6.2
6293,5.8
1148,7.1
574,5.9
3769,7.5
4146,6.9
853,6.3
5919,5.4
9358,6.4
6614,7.1
6002,3.8
9163,6.4
4495,6.4
8173,6.3
6655,6.0
2368,6.5
4780,8.0
7992,7.0
2950,2.0
5625,7.0
6971,7.0
8716,6.9
1841,6.4
5986,2.0
537,5.8
2806,7.2
5801,7.5
5596,6.4
7206,5.3
7343,5.5
7560,6.1
8096,5.8
784,5.7
1409,7.1
154,7.4
7806,8.0
3009,7.9
1686,7.4
4014,6.8
7455,5.0
3863,0.0
2733,6.7
1895,8.4
5442,7.3
569,4.9
6709,7.3
5854,6.7
1816,7.5
8319,6.4
3394,6.4
3327,6.1
9982,7.3
6102,4.6
2975,7.4
980,7.4
190,7.8
9331,7.3
5088,4.8
699,6.5
9759,6.2
606,7.4
301,5.8
3420,7.3
9804,5.4
1060,7.2
3444,8.7
1069,5.8
2205,7.6
9435,7.1
7339,5.0
8208,6.8
7679,7.2
4642,4.6
7683,5.9
9007,5.1
7996,5.7
5600,5.9
9151,4.6
7022,7.3
4893,7.8
225,6.3
3354,7.4
5895,5.0
8754,5.3
3436,5.8
1693,7.0
6893,5.7
1045,8.0
3446,6.5
8050,4.2
9146,6.5
9981,6.2
4735,6.6
4496,6.7
1218,6.5
6015,7.2
9719,5.9
3987,7.8
4911,3.5
9492,7.0
4493,5.3
6944,7.1
5699,6.1
8352,7.1
956,6.0
2869,6.2
4433,6.2
4973,5.7
2961,6.3
2200,8.1
98,7.3
9849,6.7
2557,6.0
8445,7.0
4199,7.0
9637,8.2
5539,6.2
1648,5.4
6197,7.3
6295,5.7
4499,6.4
1154,6.2
2255,8.1
3170,6.8
7400,6.2
7158,4.6
3108,7.0
4548,6.9
5423,6.5
2049,7.8
9208,7.5
8815,5.5
9797,6.0
262,6.3
4061,5.7
5534,6.5
6616,6.4
8120,6.3
8155,6.8
1802,5.7
4736,7.4
2385,6.6
6694,7.7
5759,6.7
1959,7.1
2976,8.0
8680,7.9
1843,7.6
1734,5.4
2911,6.4
8338,5.1
1986,6.8
9561,7.5
6546,6.6
7098,6.7
2811,5.1
659,7.6
2511,6.6
4282,7.4
9339,7.6
8800,6.7
6287,5.7
1930,6.0
7125,5.8
197,6.4
7777,6.6
2931,7.3
8004,7.5
2327,7.6
4389,5.3
8958,6.4
4218,6.9
202,5.5
3510,8.5
4931,5.9
5535,6.9
5791,7.0
1707,7.5
5172,5.9
5249,7.3
6528,7.7
9848,6.0
5855,6.4
8164,6.7
854,6.5
4737,5.0
698,5.9
3696,6.0
1636,7.4
7280,5.0
7554,7.0
3581,7.5
1291,6.0
6585,7.2
1853,5.9
5232,7.2
3763,7.6
3304,6.3
1495,5.6
7994,5.5
1998,4.5
663,6.4
3748,4.2
4413,7.7
5530,7.0
5575,6.5
8901,3.8
7526,6.9
9474,7.5
5864,6.6
6776,5.7
1306,5.4
7392,7.0
5592,0.0
9721,7.5
1663,6.9
5450,6.0
9954,7.4
3627,5.2
2693,7.4
9789,5.8
5915,7.0
3157,6.2
6668,7.0
1059,7.0
4636,6.5
3242,5.6
1678,5.9
6892,6.5
6374,7.6
7574,6.8
1757,8.1
6019,7.2
5116,4.7
8755,6.2
7408,5.1
2790,4.8
863,6.2
7858,7.1
1484,6.6
7035,5.5
7721,7.9
5977,6.2
5134,7.2
206,6.6
4488,6.7
6938,6.7
9062,4.6
6910,5.6
502,7.5
7385,0.0
1028,6.9
3840,6.7
8110,6.9
5056,6.4
9762,6.5
8154,4.8
2731,6.7
8996,5.7
2454,8.0
7215,6.9
3104,6.9
8392,6.3
6278,6.9
3099,7.1
6184,6.7
3561,6.4
5892,5.8
391,6.9
6736,5.6
5618,5.2
5258,5.7
9687,7.0
2695,7.7
2027,5.1
5463,6.4
2568,0.0
8006,5.8
64,6.8
2062,6.2
5276,4.9
7208,5.0
8684,6.9
8571,5.7
6331,6.9
4859,7.3
4887,6.2
9268,6.1
878,7.0
8529,6.2
7916,6.1
6863,6.6
7892,6.0
6439,7.0
7869,0.0
1016,6.3
9467,7.1
7629,6.2
995,6.3
4297,7.6
161,6.6
5675,5.3
6873,6.8
9692,5.3
7989,5.7
3843,5.6
1021,6.2
3073,7.5
7555,8.1
3943,6.3
1585,8.2
3152,6.7
8226,6.8
775,6.4
9670,0.0
7099,7.7
5486,6.3
6235,6.5
9555,5.9
7041,7.5
2612,7.0
7513,5.6
8433,7.0
8792,6.2
5393,4.8
8838,7.1
3890,5.3
3556,8.0
1528,7.5
1267,8.5
7734,6.6
1899,6.9
4658,5.9
3005,7.4
2734,3.6
189,6.0
9167,3.9
2747,2.0
2047,5.7
7849,6.2
2558,6.4
9274,6.4
8666,6.8
6396,6.5
3385,7.4
4555,6.8
1184,7.4
6420,6.6
5051,6.0
5311,6.8
2433,7.3
6949,4.8
769,6.3
1685,5.3
8322,6.5
5578,7.7
4426,6.3
466,7.4
6265,4.8
5734,6.2
5191,7.3
5390,6.6
860,8.3
7270,5.6
